"item_id","product_name","pack_size","price_column_b_usd","image_url","photo_status","review_flag","source_page","source_photo_url","image_path","image_width_px","image_height_px","photo_source_page","photo_source_image_url","needs_hd_photo"
"GKR-001","Wellbeingtox","100IU 1V 2.5ml","16.45","https://raw.githubusercontent.com/Vidaluxury20/guru-korea-hd-ezformz/main/images/GKR-001.jpg","HD replacement","","1","https://timeleaf.co.kr/products/wellbeing-tox-100","images/GKR-001.jpg","2048","2048","https://timeleaf.co.kr/products/wellbeing-tox-100","https://cdn.shopify.com/s/files/1/0788/6877/5185/files/CF9AD33E-EA26-4BEF-8816-4883B73A182F.jpg?v=1758205694","false"
"GKR-002","Xeomin","100iu","130","https://raw.githubusercontent.com/Vidaluxury20/guru-korea-hd-ezformz/main/images/GKR-002.jpg","HD replacement","","1","https://www.fillerworld.com/products/xeomin-1x100iu","images/GKR-002.jpg","1000","1000","https://www.fillerworld.com/products/xeomin-1x100iu","https://cdn.shopify.com/s/files/1/0722/7647/6141/files/3208-large.png?v=1732208872","false"
"GKR-003","Nabota 100iu","100iu","27","https://raw.githubusercontent.com/Vidaluxury20/guru-korea-hd-ezformz/main/images/GKR-003.jpg","HD replacement","","1","https://timeleaf.co.kr/products/nabota-100","images/GKR-003.jpg","2048","2048","https://timeleaf.co.kr/products/nabota-100","https://cdn.shopify.com/s/files/1/0788/6877/5185/files/NABOTA100_original_BG.jpg?v=1730838227","false"
"GKR-004","Nabota 150iu","150iu","25.75","https://raw.githubusercontent.com/Vidaluxury20/guru-korea-hd-ezformz/main/images/GKR-004.jpg","HD replacement","","1","https://timeleaf.co.kr/products/nabota150","images/GKR-004.jpg","2048","2048","https://timeleaf.co.kr/products/nabota150","https://cdn.shopify.com/s/files/1/0788/6877/5185/files/NABOTA150_1_BG.jpg?v=1779190217","false"
"GKR-005","Nabota 200iu","200iu","42","https://raw.githubusercontent.com/Vidaluxury20/guru-korea-hd-ezformz/main/images/GKR-005.jpg","HD replacement","","1","https://timeleaf.co.kr/products/nabota-200","images/GKR-005.jpg","2048","2048","https://timeleaf.co.kr/products/nabota-200","https://cdn.shopify.com/s/files/1/0788/6877/5185/files/NABOTA200_original_BG.jpg?v=1730838239","false"
"GKR-006","Wondertox 100iu","100iu","22","https://raw.githubusercontent.com/Vidaluxury20/guru-korea-hd-ezformz/main/images/GKR-006.jpg","HD replacement","","1","https://timeleaf.co.kr/products/wondertox-100","images/GKR-006.jpg","2048","2048","https://timeleaf.co.kr/products/wondertox-100","https://cdn.shopify.com/s/files/1/0788/6877/5185/files/Wondertox100_original_BG.jpg?v=1730930907","false"
"GKR-007","Wondertox 200iu","200iu","38","https://raw.githubusercontent.com/Vidaluxury20/guru-korea-hd-ezformz/main/images/GKR-007.jpg","HD replacement","","1","https://timeleaf.co.kr/products/wondertox-200","images/GKR-007.jpg","2048","2048","https://timeleaf.co.kr/products/wondertox-200","https://cdn.shopify.com/s/files/1/0788/6877/5185/files/Wondertox200_original_BG.jpg?v=1730931684","false"
"GKR-008","Medytox 100iu","100iu","26","","Photo pending","Product name ambiguous: confirm brand and supply exact photo.","1","","","","","","","true"
"GKR-009","Medytox 200iu","200iu","40.75","https://raw.githubusercontent.com/Vidaluxury20/guru-korea-hd-ezformz/main/images/GKR-009.jpg","Retained original","","1","","images/GKR-009.jpg","230","253","","","true"
"GKR-010","Botulax 100iu","100iu","34","https://raw.githubusercontent.com/Vidaluxury20/guru-korea-hd-ezformz/main/images/GKR-010.jpg","HD replacement","","1","https://timeleaf.co.kr/products/botulax-100","images/GKR-010.jpg","2048","2048","https://timeleaf.co.kr/products/botulax-100","https://cdn.shopify.com/s/files/1/0788/6877/5185/files/Botulax100_new_2_BG.jpg?v=1730754030","false"
"GKR-011","Botulax 200iu","200iu","42.5","https://raw.githubusercontent.com/Vidaluxury20/guru-korea-hd-ezformz/main/images/GKR-011.jpg","HD replacement","","1","https://timeleaf.co.kr/products/botulax-200","images/GKR-011.jpg","2048","2048","https://timeleaf.co.kr/products/botulax-200","https://cdn.shopify.com/s/files/1/0788/6877/5185/files/Botulax200_original_BG.jpg?v=1730754074","false"
"GKR-012","Botulax 300iu","300iu","45","https://raw.githubusercontent.com/Vidaluxury20/guru-korea-hd-ezformz/main/images/GKR-012.jpg","HD replacement","","1","https://timeleaf.co.kr/products/botulax300","images/GKR-012.jpg","2048","2048","https://timeleaf.co.kr/products/botulax300","https://cdn.shopify.com/s/files/1/0788/6877/5185/files/Botulax300_original_BG.jpg?v=1730754156","false"
"GKR-013","Innotox 50iu","50iu","18","https://raw.githubusercontent.com/Vidaluxury20/guru-korea-hd-ezformz/main/images/GKR-013.jpg","HD replacement","","1","https://timeleaf.co.kr/products/innotox-50","images/GKR-013.jpg","2048","2048","https://timeleaf.co.kr/products/innotox-50","https://cdn.shopify.com/s/files/1/0788/6877/5185/files/Innotox50_original_2_BG.jpg?v=1730754919","false"
"GKR-014","Innotox 100iu","100iu","30","https://raw.githubusercontent.com/Vidaluxury20/guru-korea-hd-ezformz/main/images/GKR-014.jpg","HD replacement","","1","https://timeleaf.co.kr/products/innotox-100","images/GKR-014.jpg","2048","2048","https://timeleaf.co.kr/products/innotox-100","https://cdn.shopify.com/s/files/1/0788/6877/5185/files/Innotox100_original_BG.jpg?v=1730754964","false"
"GKR-015","Liztox 100iu","100iu","22","https://raw.githubusercontent.com/Vidaluxury20/guru-korea-hd-ezformz/main/images/GKR-015.jpg","HD replacement","","1","https://timeleaf.co.kr/products/liztox-100","images/GKR-015.jpg","2048","2048","https://timeleaf.co.kr/products/liztox-100","https://cdn.shopify.com/s/files/1/0788/6877/5185/files/LIZTOX100_original_BG.jpg?v=1730826425","false"
"GKR-016","Liztox 200iu","200iu","31","https://raw.githubusercontent.com/Vidaluxury20/guru-korea-hd-ezformz/main/images/GKR-016.jpg","HD replacement","","1","https://timeleaf.co.kr/products/liztox-200","images/GKR-016.jpg","2048","2048","https://timeleaf.co.kr/products/liztox-200","https://cdn.shopify.com/s/files/1/0788/6877/5185/files/LIZTOX200_original_BG.jpg?v=1730837931","false"
"GKR-017","Rejurax 100iu","100iu","27.3","https://raw.githubusercontent.com/Vidaluxury20/guru-korea-hd-ezformz/main/images/GKR-017.jpg","HD replacement","Photo missing","1","https://sbodyline.com/shop/rejurax-100iu/","images/GKR-017.jpg","2328","1688","https://sbodyline.com/shop/rejurax-100iu/","https://sbodyline.com/wp-content/uploads/2022/12/rejurax100iu-web.jpg","false"
"GKR-018","Metox 100iu","100iu","20","https://raw.githubusercontent.com/Vidaluxury20/guru-korea-hd-ezformz/main/images/GKR-018.jpg","HD replacement","","1","https://timeleaf.co.kr/products/metox100","images/GKR-018.jpg","2048","2048","https://timeleaf.co.kr/products/metox100","https://cdn.shopify.com/s/files/1/0788/6877/5185/files/METOX100_BG.jpg?v=1743185124","false"
"GKR-019","Hitox 100iu","100iu","12","https://raw.githubusercontent.com/Vidaluxury20/guru-korea-hd-ezformz/main/images/GKR-019.jpg","HD replacement","","1","https://timeleaf.co.kr/products/hitox100-jeju","images/GKR-019.jpg","2048","2048","https://timeleaf.co.kr/products/hitox100-jeju","https://cdn.shopify.com/s/files/1/0788/6877/5185/files/HITOX100___BG.jpg?v=1748353084","false"
"GKR-020","Hitox 200iu","200iu","18.75","https://raw.githubusercontent.com/Vidaluxury20/guru-korea-hd-ezformz/main/images/GKR-020.jpg","HD replacement","","2","https://timeleaf.co.kr/products/hitox200-jeju","images/GKR-020.jpg","2048","2048","https://timeleaf.co.kr/products/hitox200-jeju","https://cdn.shopify.com/s/files/1/0788/6877/5185/files/Hitox200_Jeju__1_BG.jpg?v=1765015407","false"
"GKR-021","Hutox 100iu","100iu","19","https://raw.githubusercontent.com/Vidaluxury20/guru-korea-hd-ezformz/main/images/GKR-021.jpg","HD replacement","","2","https://timeleaf.co.kr/products/hutox100","images/GKR-021.jpg","2048","2048","https://timeleaf.co.kr/products/hutox100","https://cdn.shopify.com/s/files/1/0788/6877/5185/files/Hutox100_original_BG.jpg?v=1730755232","false"
"GKR-022","Hutox 200iu","200iu","31","https://raw.githubusercontent.com/Vidaluxury20/guru-korea-hd-ezformz/main/images/GKR-022.jpg","HD replacement","","2","https://timeleaf.co.kr/products/hutox-200","images/GKR-022.jpg","2048","2048","https://timeleaf.co.kr/products/hutox-200","https://cdn.shopify.com/s/files/1/0788/6877/5185/files/Hutox200_original_BG.jpg?v=1730756261","false"
"GKR-023","OneTox 100iu","100iu","26.25","https://raw.githubusercontent.com/Vidaluxury20/guru-korea-hd-ezformz/main/images/GKR-023.jpg","HD replacement","","2","https://js-aesthetics.global/shop/onetox/","images/GKR-023.jpg","1200","1200","https://js-aesthetics.global/shop/onetox/","https://js-aesthetics.global/wp-content/uploads/2026/02/hbhbh.jpg","false"
"GKR-024","RedTox 200iu","200iu","35","https://raw.githubusercontent.com/Vidaluxury20/guru-korea-hd-ezformz/main/images/GKR-024.jpg","New source photo (below HD)","Photo missing; Native source is below 1000px on one or both sides.","2","https://en.jdbio.com/products/one-tox-200units사본","images/GKR-024.jpg","760","760","https://en.jdbio.com/products/one-tox-200units사본","https://cdn.shopify.com/s/files/1/0826/3385/1169/files/Red_Tox_200Units_01.jpg?v=1755755743","true"
"GKR-025","Bienox 100iu","100iu","17","https://raw.githubusercontent.com/Vidaluxury20/guru-korea-hd-ezformz/main/images/GKR-025.jpg","HD replacement","","2","https://timeleaf.co.kr/products/bienox100-export-version","images/GKR-025.jpg","2048","2048","https://timeleaf.co.kr/products/bienox100-export-version","https://cdn.shopify.com/s/files/1/0788/6877/5185/files/BIENOX100_1_BG.jpg?v=1773316660","false"
"GKR-026","Toxta 100iu","100iu","22","https://raw.githubusercontent.com/Vidaluxury20/guru-korea-hd-ezformz/main/images/GKR-026.jpg","HD replacement","","2","https://timeleaf.co.kr/products/toxta100","images/GKR-026.jpg","2048","2048","https://timeleaf.co.kr/products/toxta100","https://cdn.shopify.com/s/files/1/0788/6877/5185/files/TOXTA100_original_BG.jpg?v=1730933620","false"
"GKR-027","Toxta 200iu","200iu","36.9","https://raw.githubusercontent.com/Vidaluxury20/guru-korea-hd-ezformz/main/images/GKR-027.jpg","HD replacement","","2","https://timeleaf.co.kr/products/toxta200","images/GKR-027.jpg","2048","2048","https://timeleaf.co.kr/products/toxta200","https://cdn.shopify.com/s/files/1/0788/6877/5185/files/Toxta200_1_BG.jpg?v=1777111428","false"
"GKR-028","Coretox 100iu","100iu","35.75","https://raw.githubusercontent.com/Vidaluxury20/guru-korea-hd-ezformz/main/images/GKR-028.jpg","HD replacement","","2","https://timeleaf.co.kr/products/coretox","images/GKR-028.jpg","2048","2048","https://timeleaf.co.kr/products/coretox","https://cdn.shopify.com/s/files/1/0788/6877/5185/files/Coretox100_original_BG.jpg?v=1730754361","false"
"GKR-029","Isotonic Sodium Chloride Injection Daihan(500ml)","500ml ea x20 (bags) / box","28.9","https://raw.githubusercontent.com/Vidaluxury20/guru-korea-hd-ezformz/main/images/GKR-029.jpg","Retained original","","2","","images/GKR-029.jpg","433","280","","","true"
"GKR-030","Isotonic Sodium Chloride 0.9 Daihan 20mL 50A","50A","17","https://raw.githubusercontent.com/Vidaluxury20/guru-korea-hd-ezformz/main/images/GKR-030.jpg","Retained original","","2","","images/GKR-030.jpg","416","370","","","true"
"GKR-031","Sodium Chloride Inj. 0.9 Choongwae 20mL","50A","19.9","https://raw.githubusercontent.com/Vidaluxury20/guru-korea-hd-ezformz/main/images/GKR-031.jpg","Retained original","","2","","images/GKR-031.jpg","273","384","","","true"
"GKR-032","Wellsfill Deep","1.1ml","15","https://raw.githubusercontent.com/Vidaluxury20/guru-korea-hd-ezformz/main/images/GKR-032.jpg","Retained original","","2","","images/GKR-032.jpg","625","377","","","true"
"GKR-033","Wellsfill Volume","1.1ml","15","https://raw.githubusercontent.com/Vidaluxury20/guru-korea-hd-ezformz/main/images/GKR-033.jpg","Retained original","","2","","images/GKR-033.jpg","625","377","","","true"
"GKR-034","Wellsfill Fine","1.1ml","15","https://raw.githubusercontent.com/Vidaluxury20/guru-korea-hd-ezformz/main/images/GKR-034.jpg","Retained original","","2","","images/GKR-034.jpg","625","377","","","true"
"GKR-035","Gcelle Shape","","16.7","https://raw.githubusercontent.com/Vidaluxury20/guru-korea-hd-ezformz/main/images/GKR-035.jpg","Retained original","","2","","images/GKR-035.jpg","312","282","","","true"
"GKR-036","Gcelle Deep","1 x 1.1ml","16.7","https://raw.githubusercontent.com/Vidaluxury20/guru-korea-hd-ezformz/main/images/GKR-036.jpg","Retained original","","2","","images/GKR-036.jpg","312","282","","","true"
"GKR-037","Gcelle Fine","1 x 1.1ml","16.7","https://raw.githubusercontent.com/Vidaluxury20/guru-korea-hd-ezformz/main/images/GKR-037.jpg","Retained original","","3","","images/GKR-037.jpg","312","282","","","true"
"GKR-038","Restylane DEFYNE Restylane VOLUME Restylane KYSSE Restylane REFYNE","1ml","127","https://raw.githubusercontent.com/Vidaluxury20/guru-korea-hd-ezformz/main/images/GKR-038.jpg","Retained original","Grouped variants share source price","3","","images/GKR-038.jpg","448","441","","","true"
"GKR-039","Restylane EYELIGHT","0.5ml","105","https://raw.githubusercontent.com/Vidaluxury20/guru-korea-hd-ezformz/main/images/GKR-039.jpg","HD replacement","","3","https://www.fillerworld.com/products/restylane-eyelight-with-lidocaine-0-5ml","images/GKR-039.jpg","2395","2395","https://www.fillerworld.com/products/restylane-eyelight-with-lidocaine-0-5ml","https://cdn.shopify.com/s/files/1/0722/7647/6141/files/RestylaneEyelightFW.jpg?v=1763639874","false"
"GKR-040","Juvederm VOLBELLA","","218.85","https://raw.githubusercontent.com/Vidaluxury20/guru-korea-hd-ezformz/main/images/GKR-040.jpg","HD replacement","","3","https://www.fillerworld.com/products/juvederm-volbella-with-lidocaine-2x1ml","images/GKR-040.jpg","1000","1000","https://www.fillerworld.com/products/juvederm-volbella-with-lidocaine-2x1ml","https://cdn.shopify.com/s/files/1/0722/7647/6141/files/95-large.png?v=1732209072","false"
"GKR-041","Juvederm VOLIFT","","196","https://raw.githubusercontent.com/Vidaluxury20/guru-korea-hd-ezformz/main/images/GKR-041.jpg","HD replacement","","3","https://www.fillerworld.com/products/juvederm-volift-with-lidocaine-2x1ml","images/GKR-041.jpg","1000","1000","https://www.fillerworld.com/products/juvederm-volift-with-lidocaine-2x1ml","https://cdn.shopify.com/s/files/1/0722/7647/6141/files/94-large.png?v=1732209059","false"
"GKR-042","Juvederm VOLUMA","","205","https://raw.githubusercontent.com/Vidaluxury20/guru-korea-hd-ezformz/main/images/GKR-042.jpg","HD replacement","","3","https://www.fillerworld.com/products/juvederm-voluma-with-lidocaine-2x1ml","images/GKR-042.jpg","1000","1000","https://www.fillerworld.com/products/juvederm-voluma-with-lidocaine-2x1ml","https://cdn.shopify.com/s/files/1/0722/7647/6141/files/35-large.png?v=1732208692","false"
"GKR-043","Juvederm VOLUX","","211","https://raw.githubusercontent.com/Vidaluxury20/guru-korea-hd-ezformz/main/images/GKR-043.jpg","HD replacement","","3","https://www.fillerworld.com/products/juvederm-volux-2x1ml","images/GKR-043.jpg","1000","1000","https://www.fillerworld.com/products/juvederm-volux-2x1ml","https://cdn.shopify.com/s/files/1/0722/7647/6141/files/2837-large.png?v=1732213784","false"
"GKR-044","Beads Max High","1ml","19","https://raw.githubusercontent.com/Vidaluxury20/guru-korea-hd-ezformz/main/images/GKR-044.jpg","Retained original","","3","","images/GKR-044.jpg","700","700","","","true"
"GKR-045","Beads Max Mid","1ml","19","https://raw.githubusercontent.com/Vidaluxury20/guru-korea-hd-ezformz/main/images/GKR-045.jpg","Retained original","","3","","images/GKR-045.jpg","700","700","","","true"
"GKR-046","Beads Max Fine","1ml","19","https://raw.githubusercontent.com/Vidaluxury20/guru-korea-hd-ezformz/main/images/GKR-046.jpg","Retained original","","3","","images/GKR-046.jpg","700","700","","","true"
"GKR-047","Elasty G Plus","1ml1sy","13","https://raw.githubusercontent.com/Vidaluxury20/guru-korea-hd-ezformz/main/images/GKR-047.jpg","Retained original","","3","","images/GKR-047.jpg","500","500","","","true"
"GKR-048","Elasty D Plus","1ml1sy","13","https://raw.githubusercontent.com/Vidaluxury20/guru-korea-hd-ezformz/main/images/GKR-048.jpg","Retained original","","3","","images/GKR-048.jpg","500","500","","","true"
"GKR-049","Elasty F Plus","1ml1sy","13","https://raw.githubusercontent.com/Vidaluxury20/guru-korea-hd-ezformz/main/images/GKR-049.jpg","HD replacement","","3","https://www.lumeemaison.com/product/13","images/GKR-049.jpg","1080","1080","https://www.lumeemaison.com/product/13","https://axamhqgapwguurisgvvi.supabase.co/storage/v1/object/public/product-images/product-13/1781438708245.webp","false"
"GKR-050","Elasty G (Without lidocaine)","1ml2sy","23","https://raw.githubusercontent.com/Vidaluxury20/guru-korea-hd-ezformz/main/images/GKR-050.jpg","Retained original","","4","","images/GKR-050.jpg","576","512","","","true"
"GKR-051","Elasty D (Without lidocaine)","1ml2sy","23","https://raw.githubusercontent.com/Vidaluxury20/guru-korea-hd-ezformz/main/images/GKR-051.jpg","Retained original","","4","","images/GKR-051.jpg","576","512","","","true"
"GKR-052","Elasty F (Without lidocaine)","1ml2sy","23","https://raw.githubusercontent.com/Vidaluxury20/guru-korea-hd-ezformz/main/images/GKR-052.jpg","Retained original","","4","","images/GKR-052.jpg","576","512","","","true"
"GKR-053","EPTQ S 100","1.1mL","35","https://raw.githubusercontent.com/Vidaluxury20/guru-korea-hd-ezformz/main/images/GKR-053.jpg","HD replacement","","4","https://www.fillerworld.com/products/eptq-s100-with-lidocaine-1x1-1ml","images/GKR-053.jpg","1000","1000","https://www.fillerworld.com/products/eptq-s100-with-lidocaine-1x1-1ml","https://cdn.shopify.com/s/files/1/0722/7647/6141/files/4171-large.png?v=1732214404","false"
"GKR-054","EPTQ S 300","1.1mL","35","https://raw.githubusercontent.com/Vidaluxury20/guru-korea-hd-ezformz/main/images/GKR-054.jpg","HD replacement","","4","https://www.fillerworld.com/products/eptq-s300-with-lidocaine-1x1-1ml","images/GKR-054.jpg","1000","1000","https://www.fillerworld.com/products/eptq-s300-with-lidocaine-1x1-1ml","https://cdn.shopify.com/s/files/1/0722/7647/6141/files/4170-large.png?v=1732214401","false"
"GKR-055","EPTQ S 500","1.1mL","35","https://raw.githubusercontent.com/Vidaluxury20/guru-korea-hd-ezformz/main/images/GKR-055.jpg","HD replacement","","4","https://www.fillerworld.com/products/eptq-s500-with-lidocaine-1x1-1ml","images/GKR-055.jpg","1000","1000","https://www.fillerworld.com/products/eptq-s500-with-lidocaine-1x1-1ml","https://cdn.shopify.com/s/files/1/0722/7647/6141/files/4169-large.png?v=1732214394","false"
"GKR-056","Revolax® Sub-Q with Lidocaine","1.1mL","26","https://raw.githubusercontent.com/Vidaluxury20/guru-korea-hd-ezformz/main/images/GKR-056.jpg","HD replacement","","4","https://www.fillerworld.com/products/revolax-sub-q-with-lidocaine-1x1-1ml","images/GKR-056.jpg","1920","1916","https://www.fillerworld.com/products/revolax-sub-q-with-lidocaine-1x1-1ml","https://cdn.shopify.com/s/files/1/0722/7647/6141/files/RevolaxSub-QwithLidocaine_1x1.1ml.jpg?v=1781095767","false"
"GKR-057","Revolax® Deep with Lidocaine","1.1mL","26","https://raw.githubusercontent.com/Vidaluxury20/guru-korea-hd-ezformz/main/images/GKR-057.jpg","HD replacement","","4","https://www.fillerworld.com/products/revolax-deep-with-lidocaine-1x1-1ml","images/GKR-057.jpg","1920","1916","https://www.fillerworld.com/products/revolax-deep-with-lidocaine-1x1-1ml","https://cdn.shopify.com/s/files/1/0722/7647/6141/files/Revolax_Deep_with_Lidocaine_1x1.1ml.jpg?v=1781095570","false"
"GKR-058","Revolax® Fine with Lidocaine","1.1mL","26","https://raw.githubusercontent.com/Vidaluxury20/guru-korea-hd-ezformz/main/images/GKR-058.jpg","HD replacement","","4","https://www.fillerworld.com/products/revolax-fine-with-lidocaine-1x1-1ml","images/GKR-058.jpg","1920","1916","https://www.fillerworld.com/products/revolax-fine-with-lidocaine-1x1-1ml","https://cdn.shopify.com/s/files/1/0722/7647/6141/files/Revolax_Fine_with_Lidocaine_1x1.1ml.jpg?v=1781095949","false"
"GKR-059","Dermalax Plus","1.1mL","25","https://raw.githubusercontent.com/Vidaluxury20/guru-korea-hd-ezformz/main/images/GKR-059.jpg","Retained original","","4","","images/GKR-059.jpg","658","749","","","true"
"GKR-060","Dermalax Deep Plus","1.1mL","25","https://raw.githubusercontent.com/Vidaluxury20/guru-korea-hd-ezformz/main/images/GKR-060.jpg","Retained original","","4","","images/GKR-060.jpg","658","749","","","true"
"GKR-061","Dermalax Implant Plus","1ml/2sy","44.5","https://raw.githubusercontent.com/Vidaluxury20/guru-korea-hd-ezformz/main/images/GKR-061.jpg","Retained original","","4","","images/GKR-061.jpg","658","749","","","true"
"GKR-062","Neuramis® Deep","1mL","22.55","https://raw.githubusercontent.com/Vidaluxury20/guru-korea-hd-ezformz/main/images/GKR-062.jpg","New source photo (below HD)","Photo missing; Native source is below 1000px on one or both sides.","4","https://www.lumeemaison.com/product/21","images/GKR-062.jpg","430","232","https://www.lumeemaison.com/product/21","https://www.lumeemaison.com/images/products/product-21-1779185385155.webp?v=1779186381303","true"
"GKR-063","Neuramis® Volume Lidocaine","1mL","21","https://raw.githubusercontent.com/Vidaluxury20/guru-korea-hd-ezformz/main/images/GKR-063.jpg","HD replacement","","4","https://timeleaf.co.kr/products/neuramis","images/GKR-063.jpg","2048","2048","https://timeleaf.co.kr/products/neuramis","https://cdn.shopify.com/s/files/1/0788/6877/5185/files/Neuramis_V_BG.jpg?v=1744725821","false"
"GKR-064","Neuramis® Deep Lidocaine","1mL","21","https://raw.githubusercontent.com/Vidaluxury20/guru-korea-hd-ezformz/main/images/GKR-064.jpg","HD replacement","","4","https://timeleaf.co.kr/products/neuramis","images/GKR-064.jpg","2048","2048","https://timeleaf.co.kr/products/neuramis","https://cdn.shopify.com/s/files/1/0788/6877/5185/files/Neuramis_Deep_Lidocaine__Original_BG.jpg?v=1744725821","false"
"GKR-065","Neuramis® Lidocaine","1mL","21","https://raw.githubusercontent.com/Vidaluxury20/guru-korea-hd-ezformz/main/images/GKR-065.jpg","HD replacement","","4","https://timeleaf.co.kr/products/neuramis","images/GKR-065.jpg","2048","2048","https://timeleaf.co.kr/products/neuramis","https://cdn.shopify.com/s/files/1/0788/6877/5185/files/Neuramis_l_BG.jpg?v=1744725821","false"
"GKR-066","Neuramis® Light Lidocaine","1mL","22","https://raw.githubusercontent.com/Vidaluxury20/guru-korea-hd-ezformz/main/images/GKR-066.jpg","HD replacement","","4","https://timeleaf.co.kr/products/neuramis","images/GKR-066.jpg","2048","2048","https://timeleaf.co.kr/products/neuramis","https://cdn.shopify.com/s/files/1/0788/6877/5185/files/Neuramis_Light__Original_BG.jpg?v=1744725821","false"
"GKR-067","The Chaeum Premium No 1","1.1ml/2sy","33","https://raw.githubusercontent.com/Vidaluxury20/guru-korea-hd-ezformz/main/images/GKR-067.jpg","Retained original","","4","","images/GKR-067.jpg","504","358","","","true"
"GKR-068","The Chaeum Premium No2","1.1ml/2sy","33","https://raw.githubusercontent.com/Vidaluxury20/guru-korea-hd-ezformz/main/images/GKR-068.jpg","Retained original","","4","","images/GKR-068.jpg","504","358","","","true"
"GKR-069","The Chaeum Premium No 3","1.1ml/2sy","33","https://raw.githubusercontent.com/Vidaluxury20/guru-korea-hd-ezformz/main/images/GKR-069.jpg","Retained original","","4","","images/GKR-069.jpg","504","358","","","true"
"GKR-070","The Chaeum Premium No 4","1.1ml/2sy","33","https://raw.githubusercontent.com/Vidaluxury20/guru-korea-hd-ezformz/main/images/GKR-070.jpg","Retained original","","5","","images/GKR-070.jpg","504","358","","","true"
"GKR-071","Rejeunesse Fine","1.1mL","19.5","https://raw.githubusercontent.com/Vidaluxury20/guru-korea-hd-ezformz/main/images/GKR-071.jpg","Retained original","","5","","images/GKR-071.jpg","556","659","","","true"
"GKR-072","Rejeunesse Shape","1.1mL","19.5","https://raw.githubusercontent.com/Vidaluxury20/guru-korea-hd-ezformz/main/images/GKR-072.jpg","Retained original","","5","","images/GKR-072.jpg","556","659","","","true"
"GKR-073","Rejeunesse Deep","1.1mL","19.5","https://raw.githubusercontent.com/Vidaluxury20/guru-korea-hd-ezformz/main/images/GKR-073.jpg","Retained original","","5","","images/GKR-073.jpg","556","659","","","true"
"GKR-074","Rejeunesse Sparkle (Meso)","2.5 mL x 3syr","58","https://raw.githubusercontent.com/Vidaluxury20/guru-korea-hd-ezformz/main/images/GKR-074.jpg","HD replacement","","5","https://timeleaf.co.kr/products/rejeunesse-sparkle","images/GKR-074.jpg","2048","2048","https://timeleaf.co.kr/products/rejeunesse-sparkle","https://cdn.shopify.com/s/files/1/0788/6877/5185/files/RejeunesseSparkle_BG_611531d9-c941-4bb8-9a89-76e7fce1acbe.jpg?v=1768655218","false"
"GKR-075","Replengen Fine","1.1mL","16.9","https://raw.githubusercontent.com/Vidaluxury20/guru-korea-hd-ezformz/main/images/GKR-075.jpg","New source photo (below HD)","Photo missing; Supplier watermark retained.; Native source is below 1000px on one or both sides.","5","https://premiumdermalmart.com/products/replengen-fine","images/GKR-075.jpg","599","599","https://premiumdermalmart.com/products/replengen-fine","https://cdn.shopify.com/s/files/1/0763/1601/6989/products/REPLENGEN-FINE.jpg?v=1781228422","true"
"GKR-076","Replengen Deep","1.1mL","16.9","https://raw.githubusercontent.com/Vidaluxury20/guru-korea-hd-ezformz/main/images/GKR-076.jpg","HD replacement","Supplier watermark retained.","5","https://premiumdermalmart.com/products/replengen-deep","images/GKR-076.jpg","1079","1079","https://premiumdermalmart.com/products/replengen-deep","https://cdn.shopify.com/s/files/1/0763/1601/6989/products/REPLENGEN-DEEP.jpg?v=1781228423","false"
"GKR-077","Replengen Volume","1.1mL","16.9","https://raw.githubusercontent.com/Vidaluxury20/guru-korea-hd-ezformz/main/images/GKR-077.jpg","Retained original","","5","","images/GKR-077.jpg","582","449","","","true"
"GKR-078","Hyaldew All","1ml","21","https://raw.githubusercontent.com/Vidaluxury20/guru-korea-hd-ezformz/main/images/GKR-078.jpg","HD replacement","Repeated name and pack size in source","5","https://www.fillerworld.com/products/hyaldew-all-1x1ml","images/GKR-078.jpg","1000","1000","https://www.fillerworld.com/products/hyaldew-all-1x1ml","https://cdn.shopify.com/s/files/1/0722/7647/6141/files/5979-large_076c3e8b-3d9e-478f-9dec-784a0c1adecb.png?v=1741087013","false"
"GKR-079","Hyaldew Mid","1ml","21","https://raw.githubusercontent.com/Vidaluxury20/guru-korea-hd-ezformz/main/images/GKR-079.jpg","HD replacement","Repeated name and pack size in source","5","https://www.fillerworld.com/products/hyaldew-mid-1x1ml","images/GKR-079.jpg","1000","1000","https://www.fillerworld.com/products/hyaldew-mid-1x1ml","https://cdn.shopify.com/s/files/1/0722/7647/6141/files/5978-large.png?v=1741087152","false"
"GKR-080","Hyaldew Fine","1ml","21","https://raw.githubusercontent.com/Vidaluxury20/guru-korea-hd-ezformz/main/images/GKR-080.jpg","HD replacement","Repeated name and pack size in source","5","https://www.fillerworld.com/products/hyaldew-fine-1x1ml","images/GKR-080.jpg","1000","1000","https://www.fillerworld.com/products/hyaldew-fine-1x1ml","https://cdn.shopify.com/s/files/1/0722/7647/6141/files/1702-large.png?v=1732212524","false"
"GKR-081","Hyaldew Shine (Meso)","2mL x 1syr","21","https://raw.githubusercontent.com/Vidaluxury20/guru-korea-hd-ezformz/main/images/GKR-081.jpg","HD replacement","","5","https://www.fillerworld.com/products/hyaldew-shine-1x2ml","images/GKR-081.jpg","1000","1000","https://www.fillerworld.com/products/hyaldew-shine-1x2ml","https://cdn.shopify.com/s/files/1/0722/7647/6141/files/1703-large.png?v=1732212532","false"
"GKR-082","Hyaldew All","1ml","19.9","https://raw.githubusercontent.com/Vidaluxury20/guru-korea-hd-ezformz/main/images/GKR-082.jpg","HD replacement","Repeated name and pack size in source","5","https://www.fillerworld.com/products/hyaldew-all-1x1ml","images/GKR-082.jpg","1000","1000","https://www.fillerworld.com/products/hyaldew-all-1x1ml","https://cdn.shopify.com/s/files/1/0722/7647/6141/files/5979-large_076c3e8b-3d9e-478f-9dec-784a0c1adecb.png?v=1741087013","false"
"GKR-083","Hyaldew Mid","1ml","19.9","https://raw.githubusercontent.com/Vidaluxury20/guru-korea-hd-ezformz/main/images/GKR-083.jpg","HD replacement","Repeated name and pack size in source","5","https://www.fillerworld.com/products/hyaldew-mid-1x1ml","images/GKR-083.jpg","1000","1000","https://www.fillerworld.com/products/hyaldew-mid-1x1ml","https://cdn.shopify.com/s/files/1/0722/7647/6141/files/5978-large.png?v=1741087152","false"
"GKR-084","Hyaldew Fine","1ml","19.9","https://raw.githubusercontent.com/Vidaluxury20/guru-korea-hd-ezformz/main/images/GKR-084.jpg","HD replacement","Repeated name and pack size in source","5","https://www.fillerworld.com/products/hyaldew-fine-1x1ml","images/GKR-084.jpg","1000","1000","https://www.fillerworld.com/products/hyaldew-fine-1x1ml","https://cdn.shopify.com/s/files/1/0722/7647/6141/files/1702-large.png?v=1732212524","false"
"GKR-085","Regenovue Sub-Q Plus","1.1ml","25","https://raw.githubusercontent.com/Vidaluxury20/guru-korea-hd-ezformz/main/images/GKR-085.jpg","Retained original","","5","","images/GKR-085.jpg","424","406","","","true"
"GKR-086","Regenovue Deep Plus","1.1ml","25","https://raw.githubusercontent.com/Vidaluxury20/guru-korea-hd-ezformz/main/images/GKR-086.jpg","Retained original","","5","","images/GKR-086.jpg","424","406","","","true"
"GKR-087","Regenovue Fine Plus","1.1ml","25","https://raw.githubusercontent.com/Vidaluxury20/guru-korea-hd-ezformz/main/images/GKR-087.jpg","New source photo (below HD)","Photo missing; Native source is below 1000px on one or both sides.","5","https://www.lumeemaison.com/product/5","images/GKR-087.jpg","541","275","https://www.lumeemaison.com/product/5","https://www.lumeemaison.com/images/products/product-5.jpg?v=1779186381303","true"
"GKR-088","Starfill Plus Lidocaine","","26","https://raw.githubusercontent.com/Vidaluxury20/guru-korea-hd-ezformz/main/images/GKR-088.jpg","New source photo (below HD)","Photo missing; Supplier watermark retained.; Native source is below 1000px on one or both sides.","5","https://premiumdermalmart.com/products/starfill-plus-lido","images/GKR-088.jpg","479","479","https://premiumdermalmart.com/products/starfill-plus-lido","https://cdn.shopify.com/s/files/1/0763/1601/6989/products/STARFILL-PLUS-LIDO.jpg?v=1781228401","true"
"GKR-089","Starfill Deep Plus Lidocaine","1.1ml","22.65","https://raw.githubusercontent.com/Vidaluxury20/guru-korea-hd-ezformz/main/images/GKR-089.jpg","HD replacement","Supplier watermark retained.","6","https://premiumdermalmart.com/products/starfill-deep-plus-lido","images/GKR-089.jpg","1079","1079","https://premiumdermalmart.com/products/starfill-deep-plus-lido","https://cdn.shopify.com/s/files/1/0763/1601/6989/products/STARFILL-DEEP-PLUS-LIDO.jpg?v=1781228400","false"
"GKR-090","Starfill Implant Plus Lidocaine","","22.65","https://raw.githubusercontent.com/Vidaluxury20/guru-korea-hd-ezformz/main/images/GKR-090.jpg","Retained original","","6","","images/GKR-090.jpg","306","296","","","true"
"GKR-091","Bonetta Volume","1.1mL x 2syr","27","https://raw.githubusercontent.com/Vidaluxury20/guru-korea-hd-ezformz/main/images/GKR-091.jpg","Retained original","","6","","images/GKR-091.jpg","384","493","","","true"
"GKR-092","Bonetta Deep","1.1mL x 2syr","27","https://raw.githubusercontent.com/Vidaluxury20/guru-korea-hd-ezformz/main/images/GKR-092.jpg","Retained original","","6","","images/GKR-092.jpg","384","493","","","true"
"GKR-093","Bonetta Fine","1.1mL x 2syr","27","https://raw.githubusercontent.com/Vidaluxury20/guru-korea-hd-ezformz/main/images/GKR-093.jpg","HD replacement","","6","https://www.lumeemaison.com/product/40","images/GKR-093.jpg","1024","1024","https://www.lumeemaison.com/product/40","https://www.lumeemaison.com/images/products/product-40.webp?v=1779186381303","false"
"GKR-094","Youthfill Shape","1.1mL x 1syr","17.9","https://raw.githubusercontent.com/Vidaluxury20/guru-korea-hd-ezformz/main/images/GKR-094.jpg","Retained original","","6","","images/GKR-094.jpg","634","247","","","true"
"GKR-095","Youthfill Deep","1.1mL x 1syr","17.9","https://raw.githubusercontent.com/Vidaluxury20/guru-korea-hd-ezformz/main/images/GKR-095.jpg","Retained original","","6","","images/GKR-095.jpg","635","247","","","true"
"GKR-096","Youthfill Fine","1.1mL x 1syr","17.9","https://raw.githubusercontent.com/Vidaluxury20/guru-korea-hd-ezformz/main/images/GKR-096.jpg","Retained original","","6","","images/GKR-096.jpg","691","271","","","true"
"GKR-097","Youthfill PN","2.5 mL / 1 syringe","37","https://raw.githubusercontent.com/Vidaluxury20/guru-korea-hd-ezformz/main/images/GKR-097.jpg","HD replacement","","6","https://timeleaf.co.kr/products/youthfill-pn","images/GKR-097.jpg","2048","2048","https://timeleaf.co.kr/products/youthfill-pn","https://cdn.shopify.com/s/files/1/0788/6877/5185/files/YOUTHFILLPN1_BG.jpg?v=1743427010","false"
"GKR-098","Celosome Implant","1.1mL x 1syr","16.5","https://raw.githubusercontent.com/Vidaluxury20/guru-korea-hd-ezformz/main/images/GKR-098.jpg","Retained original","","7","","images/GKR-098.jpg","591","228","","","true"
"GKR-099","Celosome Strong","1.1mL x 1syr","16.5","https://raw.githubusercontent.com/Vidaluxury20/guru-korea-hd-ezformz/main/images/GKR-099.jpg","Retained original","","7","","images/GKR-099.jpg","500","186","","","true"
"GKR-100","Celosome Mid","1.1mL x 1syr","16.5","https://raw.githubusercontent.com/Vidaluxury20/guru-korea-hd-ezformz/main/images/GKR-100.jpg","Retained original","","7","","images/GKR-100.jpg","500","186","","","true"
"GKR-101","Celosome Soft","1.1mL x 1syr","16.5","https://raw.githubusercontent.com/Vidaluxury20/guru-korea-hd-ezformz/main/images/GKR-101.jpg","Retained original","","7","","images/GKR-101.jpg","500","190","","","true"
"GKR-102","Yvoire Classic Plus","1ml","36","https://raw.githubusercontent.com/Vidaluxury20/guru-korea-hd-ezformz/main/images/GKR-102.jpg","Retained original","","7","","images/GKR-102.jpg","450","321","","","true"
"GKR-103","Yvoire Contour Plus","1ml","36","https://raw.githubusercontent.com/Vidaluxury20/guru-korea-hd-ezformz/main/images/GKR-103.jpg","Retained original","","7","","images/GKR-103.jpg","450","321","","","true"
"GKR-104","Yvoire Volume Plus","1ml","36","https://raw.githubusercontent.com/Vidaluxury20/guru-korea-hd-ezformz/main/images/GKR-104.jpg","Retained original","","7","","images/GKR-104.jpg","450","321","","","true"
"GKR-105","Priere Lip Filler","1.1ml/ 1syr","23.3","https://raw.githubusercontent.com/Vidaluxury20/guru-korea-hd-ezformz/main/images/GKR-105.jpg","New source photo (below HD)","Photo missing; Supplier watermark retained.; Native source is below 1000px on one or both sides.","7","https://premiumdermalmart.com/products/priere-lip-filler","images/GKR-105.jpg","691","1578","https://premiumdermalmart.com/products/priere-lip-filler","https://cdn.shopify.com/s/files/1/0763/1601/6989/files/Priere-Lip-Filler.webp?v=1781228591","true"
"GKR-106","Lipstar","1.2ml","17","https://raw.githubusercontent.com/Vidaluxury20/guru-korea-hd-ezformz/main/images/GKR-106.jpg","HD replacement","Repeated name and pack size in source","7","https://timeleaf.co.kr/products/lip-star","images/GKR-106.jpg","2048","2048","https://timeleaf.co.kr/products/lip-star","https://cdn.shopify.com/s/files/1/0788/6877/5185/files/LIPSTAR_3_BG_80120f08-7e42-4729-b16a-eac18576a577.jpg?v=1758115479","false"
"GKR-107","Monalisa Hard","1ml","20","https://raw.githubusercontent.com/Vidaluxury20/guru-korea-hd-ezformz/main/images/GKR-107.jpg","Retained original","","7","","images/GKR-107.jpg","332","319","","","true"
"GKR-108","Monalisa Mild","1ml","20","https://raw.githubusercontent.com/Vidaluxury20/guru-korea-hd-ezformz/main/images/GKR-108.jpg","Retained original","","7","","images/GKR-108.jpg","332","319","","","true"
"GKR-109","Monalisa Soft","1ml","23","https://raw.githubusercontent.com/Vidaluxury20/guru-korea-hd-ezformz/main/images/GKR-109.jpg","Retained original","","7","","images/GKR-109.jpg","332","319","","","true"
"GKR-110","Monalisa Ultra","1ml","20","https://raw.githubusercontent.com/Vidaluxury20/guru-korea-hd-ezformz/main/images/GKR-110.jpg","Retained original","","7","","images/GKR-110.jpg","332","319","","","true"
"GKR-111","Richesse Soft","1.1mL x 1syr Needles 30G (2)","18","https://raw.githubusercontent.com/Vidaluxury20/guru-korea-hd-ezformz/main/images/GKR-111.jpg","Retained original","","7","","images/GKR-111.jpg","606","435","","","true"
"GKR-112","Richesse Deep","1.1mL x 1syr Needle 27G (1) Cannula (1)","18","https://raw.githubusercontent.com/Vidaluxury20/guru-korea-hd-ezformz/main/images/GKR-112.jpg","Retained original","","7","","images/GKR-112.jpg","606","435","","","true"
"GKR-113","Richesse Implant","1.1mL x 1syr Needle 25G (1) Cannula (1)","18","https://raw.githubusercontent.com/Vidaluxury20/guru-korea-hd-ezformz/main/images/GKR-113.jpg","Retained original","","7","","images/GKR-113.jpg","606","435","","","true"
"GKR-114","Richesse Ultra","1.1mL x 1syr Needle 25G (1) Cannula (1)","18","https://raw.githubusercontent.com/Vidaluxury20/guru-korea-hd-ezformz/main/images/GKR-114.jpg","Retained original","","7","","images/GKR-114.jpg","606","435","","","true"
"GKR-115","Richesse Soft ( 2 syringes )","1.1mL x 2syr Needles 30G (4)","33.15","https://raw.githubusercontent.com/Vidaluxury20/guru-korea-hd-ezformz/main/images/GKR-115.jpg","Retained original","","7","","images/GKR-115.jpg","606","435","","","true"
"GKR-116","Richesse Deep ( 2 syringes )","1.1mL x 2syr Needle 27G (2) Cannula (2)","33.15","https://raw.githubusercontent.com/Vidaluxury20/guru-korea-hd-ezformz/main/images/GKR-116.jpg","Retained original","","7","","images/GKR-116.jpg","606","435","","","true"
"GKR-117","Richesse Implant ( 2 syringes )","1.1mL x 2syr Needle 25G (2) Cannula (2)","33.15","https://raw.githubusercontent.com/Vidaluxury20/guru-korea-hd-ezformz/main/images/GKR-117.jpg","Retained original","","7","","images/GKR-117.jpg","606","435","","","true"
"GKR-118","Richesse Ultra ( 2 syringes )","1.1mL x 2syr Needle 25G (2) Cannula (2)","33.15","https://raw.githubusercontent.com/Vidaluxury20/guru-korea-hd-ezformz/main/images/GKR-118.jpg","Retained original","","7","","images/GKR-118.jpg","606","435","","","true"
"GKR-119","DeneB Classic-H","10ml","65","https://raw.githubusercontent.com/Vidaluxury20/guru-korea-hd-ezformz/main/images/GKR-119.jpg","Retained original","","8","","images/GKR-119.jpg","300","377","","","true"
"GKR-120","DeneB Classic-S","10ml","65","https://raw.githubusercontent.com/Vidaluxury20/guru-korea-hd-ezformz/main/images/GKR-120.jpg","Retained original","","8","","images/GKR-120.jpg","300","377","","","true"
"GKR-121","Beads Max Classic-S (Soft)","10ml","75","https://raw.githubusercontent.com/Vidaluxury20/guru-korea-hd-ezformz/main/images/GKR-121.jpg","Retained original","","8","","images/GKR-121.jpg","375","375","","","true"
"GKR-122","Beads Max Classic-H (Hard)","10ml","75","https://raw.githubusercontent.com/Vidaluxury20/guru-korea-hd-ezformz/main/images/GKR-122.jpg","Retained original","","8","","images/GKR-122.jpg","375","375","","","true"
"GKR-123","Sedy fill","60mL","61","https://raw.githubusercontent.com/Vidaluxury20/guru-korea-hd-ezformz/main/images/GKR-123.jpg","Retained original","","8","","images/GKR-123.jpg","546","320","","","true"
"GKR-124","Sedy Fill 10mL","10mL","69","https://raw.githubusercontent.com/Vidaluxury20/guru-korea-hd-ezformz/main/images/GKR-124.jpg","HD replacement","","8","https://timeleaf.co.kr/products/sedy-fill-10ml-x-1syr","images/GKR-124.jpg","2048","2048","https://timeleaf.co.kr/products/sedy-fill-10ml-x-1syr","https://cdn.shopify.com/s/files/1/0788/6877/5185/files/SEDYFillsyringetype_2_BG.jpg?v=1763308683","false"
"GKR-125","Celosome X-Shape","10mL","64","https://raw.githubusercontent.com/Vidaluxury20/guru-korea-hd-ezformz/main/images/GKR-125.jpg","HD replacement","","8","https://timeleaf.co.kr/products/celosome-x-shape","images/GKR-125.jpg","1024","1024","https://timeleaf.co.kr/products/celosome-x-shape","https://cdn.shopify.com/s/files/1/0788/6877/5185/files/424C7CA7-5933-46DE-8EE2-E94455F94071.jpg?v=1787750643","false"
"GKR-126","Maxy Fill 55cc (Hard)","50ml/ (Syringe)","120","https://raw.githubusercontent.com/Vidaluxury20/guru-korea-hd-ezformz/main/images/GKR-126.jpg","Retained original","","8","","images/GKR-126.jpg","328","362","","","true"
"GKR-127","Maxy Fill 70cc","70mL (Vial)","85.3","https://raw.githubusercontent.com/Vidaluxury20/guru-korea-hd-ezformz/main/images/GKR-127.jpg","HD replacement","Photo missing","8","https://www.lumeemaison.com/product/61","images/GKR-127.jpg","1024","1024","https://www.lumeemaison.com/product/61","https://www.lumeemaison.com/images/products/product-61.webp?v=1779186381303","false"
"GKR-128","Richesse B","10ml x 1syr","59","https://raw.githubusercontent.com/Vidaluxury20/guru-korea-hd-ezformz/main/images/GKR-128.jpg","New source photo (below HD)","Photo missing; Native source is below 1000px on one or both sides.","8","https://facepharm.kr/shop/body-fillers/richesse-b/","images/GKR-128.jpg","760","761","https://facepharm.kr/shop/body-fillers/richesse-b/","https://facepharm.kr/wp-content/uploads/2024/01/Richesse.jpg","true"
"GKR-129","The Hada body filler","50ml","64","https://raw.githubusercontent.com/Vidaluxury20/guru-korea-hd-ezformz/main/images/GKR-129.jpg","Retained original","","8","","images/GKR-129.jpg","235","266","","","true"
"GKR-130","Dermagen EXOSIA","2ml/10v","149.4","https://raw.githubusercontent.com/Vidaluxury20/guru-korea-hd-ezformz/main/images/GKR-130.jpg","Retained original","","8","","images/GKR-130.jpg","591","547","","","true"
"GKR-131","Dermagen EXOSIA Solution","5ml/10v","46","https://raw.githubusercontent.com/Vidaluxury20/guru-korea-hd-ezformz/main/images/GKR-131.jpg","Retained original","","8","","images/GKR-131.jpg","591","547","","","true"
"GKR-132","Dermagen EXOSIA (SET)","2ml/10v 5ml/10v","179.45","https://raw.githubusercontent.com/Vidaluxury20/guru-korea-hd-ezformz/main/images/GKR-132.jpg","Retained original","","9","","images/GKR-132.jpg","591","547","","","true"
"GKR-133","Dermagen Plus NAD+ Solution","3ml/1V","17","https://raw.githubusercontent.com/Vidaluxury20/guru-korea-hd-ezformz/main/images/GKR-133.jpg","HD replacement","","9","https://timeleaf.co.kr/products/dermagen-plus-nad","images/GKR-133.jpg","2048","2048","https://timeleaf.co.kr/products/dermagen-plus-nad","https://cdn.shopify.com/s/files/1/0788/6877/5185/files/dermagenplusnad_solution1_BG.jpg?v=1760697160","false"
"GKR-134","AMI NAD+","5ml /3v","57","https://raw.githubusercontent.com/Vidaluxury20/guru-korea-hd-ezformz/main/images/GKR-134.jpg","Retained original","","9","","images/GKR-134.jpg","308","188","","","true"
"GKR-135","Dermagen ECM","3ml/1V","46.5","https://raw.githubusercontent.com/Vidaluxury20/guru-korea-hd-ezformz/main/images/GKR-135.jpg","HD replacement","","9","https://timeleaf.co.kr/products/dermagen-plus-ecm-3ml-x-1vial","images/GKR-135.jpg","2048","2048","https://timeleaf.co.kr/products/dermagen-plus-ecm-3ml-x-1vial","https://cdn.shopify.com/s/files/1/0788/6877/5185/files/DermagenPlusECM_1_BG.jpg?v=1774530866","false"
"GKR-136","P198 Boosting Solution","3ml x 5v","47.9","https://raw.githubusercontent.com/Vidaluxury20/guru-korea-hd-ezformz/main/images/GKR-136.jpg","Retained original","","9","","images/GKR-136.jpg","369","167","","","true"
"GKR-137","Exo Healer P198 Filcore - Activating Solution","5ml/10v","62","https://raw.githubusercontent.com/Vidaluxury20/guru-korea-hd-ezformz/main/images/GKR-137.jpg","Retained original","","9","","images/GKR-137.jpg","426","331","","","true"
"GKR-138","Exo Healer P198 Filcore - SB","2ml/10v","164","https://raw.githubusercontent.com/Vidaluxury20/guru-korea-hd-ezformz/main/images/GKR-138.jpg","Retained original","","9","","images/GKR-138.jpg","426","331","","","true"
"GKR-139","Exo Healer P198 Filcore - SB PLUS","2ml x5v","249","https://raw.githubusercontent.com/Vidaluxury20/guru-korea-hd-ezformz/main/images/GKR-139.jpg","Retained original","","9","","images/GKR-139.jpg","381","220","","","true"
"GKR-140","Exo Healer P198 Filcore - SB PLUS program","2ml + 5ml (5pairs)","295","https://raw.githubusercontent.com/Vidaluxury20/guru-korea-hd-ezformz/main/images/GKR-140.jpg","Retained original","","9","","images/GKR-140.jpg","388","217","","","true"
"GKR-141","Exo Healer P198 Filcore - HB PLUS","2ml x5v","249","https://raw.githubusercontent.com/Vidaluxury20/guru-korea-hd-ezformz/main/images/GKR-141.jpg","Retained original","Repeated name and pack size in source","9","","images/GKR-141.jpg","381","220","","","true"
"GKR-142","Exo Healer P198 Filcore - HB program","2ml + 5ml (5pairs)","299","https://raw.githubusercontent.com/Vidaluxury20/guru-korea-hd-ezformz/main/images/GKR-142.jpg","Retained original","Repeated name and pack size in source","9","","images/GKR-142.jpg","380","182","","","true"
"GKR-143","ExoNature Inner Gel","2.5ml x 2ea; 4 sets","59","https://raw.githubusercontent.com/Vidaluxury20/guru-korea-hd-ezformz/main/images/GKR-143.jpg","HD replacement","Photo missing","9","https://evocyte.co.uk/product/exobalm/","images/GKR-143.jpg","1700","2560","https://evocyte.co.uk/product/exobalm/","https://evocyte.co.uk/wp-content/uploads/2025/07/p198-엑소네이처-이너젤-연출컷-4-scaled.jpg","false"
"GKR-144","Puri Aqua Exo","2.5ml / Syringes x 5ea","43.75","https://raw.githubusercontent.com/Vidaluxury20/guru-korea-hd-ezformz/main/images/GKR-144.jpg","Retained original","","10","","images/GKR-144.jpg","272","280","","","true"
"GKR-145","Hyalmass Aqua Exosome","2.5ml 10syr/ box","63","https://raw.githubusercontent.com/Vidaluxury20/guru-korea-hd-ezformz/main/images/GKR-145.jpg","Retained original","","10","","images/GKR-145.jpg","384","254","","","true"
"GKR-146","EXOXE Exosome (SET)","50mg / 5ml (5 pairs)","273","https://raw.githubusercontent.com/Vidaluxury20/guru-korea-hd-ezformz/main/images/GKR-146.jpg","Retained original","","10","","images/GKR-146.jpg","547","248","","","true"
"GKR-147","LusciExo (Set)","[Exosome] 100mg x 5 vials [Solution] 5mL x 5 vials","110","https://raw.githubusercontent.com/Vidaluxury20/guru-korea-hd-ezformz/main/images/GKR-147.jpg","Retained original","","10","","images/GKR-147.jpg","457","192","","","true"
"GKR-148","Richesse EXO19","2.2ml / box","43","https://raw.githubusercontent.com/Vidaluxury20/guru-korea-hd-ezformz/main/images/GKR-148.jpg","Retained original","","10","","images/GKR-148.jpg","524","238","","","true"
"GKR-149","CellExosome Black Label Skin","[Exosome] 200mg x 1 vial [Solution] 6mL x 1 vial","45.8","https://raw.githubusercontent.com/Vidaluxury20/guru-korea-hd-ezformz/main/images/GKR-149.jpg","New source photo (below HD)","Photo missing; Supplier watermark retained.; Native source is below 1000px on one or both sides.","10","https://premiumdermalmart.com/products/cellexosome-black-label-skin","images/GKR-149.jpg","555","376","https://premiumdermalmart.com/products/cellexosome-black-label-skin","https://cdn.shopify.com/s/files/1/0763/1601/6989/files/Cellexosome-Black-Label-Skin.png?v=1781228805","true"
"GKR-150","CellExosome Black Label Hair","[Exosome] 200mg x 1 vial [Solution] 6mL x 1 vial","45.8","https://raw.githubusercontent.com/Vidaluxury20/guru-korea-hd-ezformz/main/images/GKR-150.jpg","New source photo (below HD)","Photo missing; Repeated name and pack size in source; Supplier watermark retained.; Native source is below 1000px on one or both sides.","10","https://premiumdermalmart.com/products/cellexosome-black-label-hair","images/GKR-150.jpg","310","227","https://premiumdermalmart.com/products/cellexosome-black-label-hair","https://cdn.shopify.com/s/files/1/0763/1601/6989/files/Cellexosome-Black-Label-Hair.png?v=1781228805","true"
"GKR-151","GFC Cell Exo Scalp","5v / 5v (Powder / Solution)","130","https://raw.githubusercontent.com/Vidaluxury20/guru-korea-hd-ezformz/main/images/GKR-151.jpg","Retained original","Repeated name and pack size in source","10","","images/GKR-151.jpg","491","447","","","true"
"GKR-152","GFC Cell Exo Vital Kit","5v / 5v (Powder / Solution)","112","https://raw.githubusercontent.com/Vidaluxury20/guru-korea-hd-ezformz/main/images/GKR-152.jpg","Retained original","","10","","images/GKR-152.jpg","490","449","","","true"
"GKR-153","Exoten","1 pair 5ml","210","https://raw.githubusercontent.com/Vidaluxury20/guru-korea-hd-ezformz/main/images/GKR-153.jpg","Retained original","","10","","images/GKR-153.jpg","681","440","","","true"
"GKR-154","HANHEAL Facial Rejuvenation (Exosomes)","5ml x 5v","125","https://raw.githubusercontent.com/Vidaluxury20/guru-korea-hd-ezformz/main/images/GKR-154.jpg","Retained original","","10","","images/GKR-154.jpg","336","311","","","true"
"GKR-155","Selastin Exo plus","100mg x 5v (Exosome) 5ml x 5v (Solvent)","58","https://raw.githubusercontent.com/Vidaluxury20/guru-korea-hd-ezformz/main/images/GKR-155.jpg","HD replacement","","11","https://timeleaf.co.kr/products/selastin-exo-plus","images/GKR-155.jpg","2048","2048","https://timeleaf.co.kr/products/selastin-exo-plus","https://cdn.shopify.com/s/files/1/0788/6877/5185/files/selatinexoplus3_BG.jpg?v=1765105849","false"
"GKR-156","ASCE+ HRLV","20mg/ 5v (booster only)","399.75","https://raw.githubusercontent.com/Vidaluxury20/guru-korea-hd-ezformz/main/images/GKR-156.jpg","HD replacement","","11","https://timeleaf.co.kr/products/asce-hair","images/GKR-156.jpg","2048","2048","https://timeleaf.co.kr/products/asce-hair","https://cdn.shopify.com/s/files/1/0788/6877/5185/files/asce_3_BG.jpg?v=1739470632","false"
"GKR-157","ASCE+ SRLV (SET)","10v","343","https://raw.githubusercontent.com/Vidaluxury20/guru-korea-hd-ezformz/main/images/GKR-157.jpg","HD replacement","","11","https://timeleaf.co.kr/products/asce","images/GKR-157.jpg","2048","2048","https://timeleaf.co.kr/products/asce","https://cdn.shopify.com/s/files/1/0788/6877/5185/files/asce_1_BG.jpg?v=1739203200","false"
"GKR-158","Lacto Exo Colla","100mg x 5v (Exosome) 6ml x 5v (Solvent)","84.75","https://raw.githubusercontent.com/Vidaluxury20/guru-korea-hd-ezformz/main/images/GKR-158.jpg","HD replacement","","12","https://timeleaf.co.kr/products/lxc-lacto-exo-colla-5set","images/GKR-158.jpg","2048","2048","https://timeleaf.co.kr/products/lxc-lacto-exo-colla-5set","https://cdn.shopify.com/s/files/1/0788/6877/5185/files/LXC_LACTOEXOCOLLA_2_BG.jpg?v=1780149383","false"
"GKR-159","Cindella Healer","2ml/2sy","75","https://raw.githubusercontent.com/Vidaluxury20/guru-korea-hd-ezformz/main/images/GKR-159.jpg","HD replacement","","12","https://timeleaf.co.kr/products/cindella-healer","images/GKR-159.jpg","2048","2048","https://timeleaf.co.kr/products/cindella-healer","https://cdn.shopify.com/s/files/1/0788/6877/5185/files/cindella_healer_pn2__4_BG.jpg?v=1758807318","false"
"GKR-160","Derma Cindella","1ml/2sy","51","https://raw.githubusercontent.com/Vidaluxury20/guru-korea-hd-ezformz/main/images/GKR-160.jpg","HD replacement","","12","https://timeleaf.co.kr/products/cindella-1ml-x-2syr","images/GKR-160.jpg","2048","2048","https://timeleaf.co.kr/products/cindella-1ml-x-2syr","https://cdn.shopify.com/s/files/1/0788/6877/5185/files/cindellapn2__3_BG.jpg?v=1758807151","false"
"GKR-161","Eyebella PN","2ml / 1sy","20.55","https://raw.githubusercontent.com/Vidaluxury20/guru-korea-hd-ezformz/main/images/GKR-161.jpg","HD replacement","","12","https://timeleaf.co.kr/products/eyebella","images/GKR-161.jpg","2048","2048","https://timeleaf.co.kr/products/eyebella","https://cdn.shopify.com/s/files/1/0788/6877/5185/files/Eyebella_original_2_BG.jpg?v=1731089177","false"
"GKR-162","Rejuran Skin booster","2ml / 6v","105","https://raw.githubusercontent.com/Vidaluxury20/guru-korea-hd-ezformz/main/images/GKR-162.jpg","HD replacement","","12","https://timeleaf.co.kr/products/rejuran","images/GKR-162.jpg","2048","2048","https://timeleaf.co.kr/products/rejuran","https://cdn.shopify.com/s/files/1/0788/6877/5185/files/REJURAN2_BG.jpg?v=1731612650","false"
"GKR-163","Rejuran Healer","2ml/2sy","245","https://raw.githubusercontent.com/Vidaluxury20/guru-korea-hd-ezformz/main/images/GKR-163.jpg","HD replacement","","12","https://timeleaf.co.kr/products/rejuran-healer","images/GKR-163.jpg","2048","2048","https://timeleaf.co.kr/products/rejuran-healer","https://cdn.shopify.com/s/files/1/0788/6877/5185/files/RejuranPN_BG.jpg?v=1744133525","false"
"GKR-164","Lapuroon Aurora Super PDRN","2.5mL x 2syr","49.85","https://raw.githubusercontent.com/Vidaluxury20/guru-korea-hd-ezformz/main/images/GKR-164.jpg","New source photo (below HD)","Photo missing; Native source is below 1000px on one or both sides.","12","https://www.lumeemaison.com/product/117","images/GKR-164.jpg","1024","416","https://www.lumeemaison.com/product/117","https://www.lumeemaison.com/images/products/product-117.webp?v=1779186381303","true"
"GKR-165","Youthfill PN","2.5 mL/ 1syr","37","https://raw.githubusercontent.com/Vidaluxury20/guru-korea-hd-ezformz/main/images/GKR-165.jpg","HD replacement","","12","https://timeleaf.co.kr/products/youthfill-pn","images/GKR-165.jpg","2048","2048","https://timeleaf.co.kr/products/youthfill-pn","https://cdn.shopify.com/s/files/1/0788/6877/5185/files/YOUTHFILLPN1_BG.jpg?v=1743427010","false"
"GKR-166","Velatox GF11","3ml x 5v 2 serums","56","https://raw.githubusercontent.com/Vidaluxury20/guru-korea-hd-ezformz/main/images/GKR-166.jpg","HD replacement","","12","https://timeleaf.co.kr/products/velatox-5set","images/GKR-166.jpg","2048","2048","https://timeleaf.co.kr/products/velatox-5set","https://cdn.shopify.com/s/files/1/0788/6877/5185/files/VELATOX_1_BG.jpg?v=1780149706","false"
"GKR-167","Selastin Tox GF11","5v / 5ml","59.55","https://raw.githubusercontent.com/Vidaluxury20/guru-korea-hd-ezformz/main/images/GKR-167.jpg","HD replacement","","13","https://timeleaf.co.kr/products/selastin-tox-5ml-x-5vial","images/GKR-167.jpg","2048","2048","https://timeleaf.co.kr/products/selastin-tox-5ml-x-5vial","https://cdn.shopify.com/s/files/1/0788/6877/5185/files/SELASTINTOX_1_BG.jpg?v=1780150170","false"
"GKR-168","Goldcell premium","3.3ml l/ 10v","145","https://raw.githubusercontent.com/Vidaluxury20/guru-korea-hd-ezformz/main/images/GKR-168.jpg","Retained original","","13","","images/GKR-168.jpg","628","437","","","true"
"GKR-169","Curenex Intense Glow & Shine (Rejuvenating Solution)","5ml x 5v","64","https://raw.githubusercontent.com/Vidaluxury20/guru-korea-hd-ezformz/main/images/GKR-169.jpg","HD replacement","","13","https://timeleaf.co.kr/products/curenex-intense-glow-shine","images/GKR-169.jpg","2048","2048","https://timeleaf.co.kr/products/curenex-intense-glow-shine","https://cdn.shopify.com/s/files/1/0788/6877/5185/files/curenexintenseglow_shine1_BG.jpg?v=1760518824","false"
"GKR-170","Rejuner gold","2ml / 5v","245","https://raw.githubusercontent.com/Vidaluxury20/guru-korea-hd-ezformz/main/images/GKR-170.jpg","HD replacement","","13","https://timeleaf.co.kr/products/rejuner-gold-2mg-x-5vial","images/GKR-170.jpg","2048","2048","https://timeleaf.co.kr/products/rejuner-gold-2mg-x-5vial","https://cdn.shopify.com/s/files/1/0788/6877/5185/files/rejunergold1_BG.jpg?v=1761312871","false"
"GKR-171","Rejuner black","2ml / 5v","245","https://raw.githubusercontent.com/Vidaluxury20/guru-korea-hd-ezformz/main/images/GKR-171.jpg","HD replacement","","13","https://timeleaf.co.kr/products/rejuner-black-2mg-5vial","images/GKR-171.jpg","2048","2048","https://timeleaf.co.kr/products/rejuner-black-2mg-5vial","https://cdn.shopify.com/s/files/1/0788/6877/5185/files/rejunerblack2_BG_1.jpg?v=1762514845","false"
"GKR-172","Rejunesse sparkle","2.5ml / 3sy","69","https://raw.githubusercontent.com/Vidaluxury20/guru-korea-hd-ezformz/main/images/GKR-172.jpg","HD replacement","","13","https://timeleaf.co.kr/products/rejeunesse-sparkle","images/GKR-172.jpg","2048","2048","https://timeleaf.co.kr/products/rejeunesse-sparkle","https://cdn.shopify.com/s/files/1/0788/6877/5185/files/RejeunesseSparkle_BG_611531d9-c941-4bb8-9a89-76e7fce1acbe.jpg?v=1768655218","false"
"GKR-173","ULTRA CA+","2 syringes x 0.8 ml","81","https://raw.githubusercontent.com/Vidaluxury20/guru-korea-hd-ezformz/main/images/GKR-173.jpg","HD replacement","","13","https://timeleaf.co.kr/products/ultra-ca-0-8ml-2-syr","images/GKR-173.jpg","2048","2048","https://timeleaf.co.kr/products/ultra-ca-0-8ml-2-syr","https://cdn.shopify.com/s/files/1/0788/6877/5185/files/ultraca_3_BG.jpg?v=1760954575","false"
"GKR-174","EVE EYES PRO+","2ml / 1sy","30","https://raw.githubusercontent.com/Vidaluxury20/guru-korea-hd-ezformz/main/images/GKR-174.jpg","HD replacement","","13","https://timeleaf.co.kr/products/eve-eyes-pro","images/GKR-174.jpg","2048","2048","https://timeleaf.co.kr/products/eve-eyes-pro","https://cdn.shopify.com/s/files/1/0788/6877/5185/files/EveEyesPro_1_BG.jpg?v=1759236314","false"
"GKR-175","Tesoro Collagen","2.0ml * 1 Syringe","33","https://raw.githubusercontent.com/Vidaluxury20/guru-korea-hd-ezformz/main/images/GKR-175.jpg","New source photo (below HD)","Photo missing; Native source is below 1000px on one or both sides.","13","https://www.lumeemaison.com/product/70","images/GKR-175.jpg","400","400","https://www.lumeemaison.com/product/70","https://www.lumeemaison.com/images/products/product-70.webp?v=1779186381303","true"
"GKR-176","Priere Tulip Lip Filler","1.1ml/ 1syr","23.3","https://raw.githubusercontent.com/Vidaluxury20/guru-korea-hd-ezformz/main/images/GKR-176.jpg","New source photo (below HD)","Photo missing; Native source is below 1000px on one or both sides.","14","https://arudaglobal.com","images/GKR-176.jpg","294","350","https://arudaglobal.com","https://arudaglobal.com/wp-content/uploads/2025/10/05.PEleRE-tulip_상품썸네일.png","true"
"GKR-177","Lipstar","1.2ml","17","https://raw.githubusercontent.com/Vidaluxury20/guru-korea-hd-ezformz/main/images/GKR-177.jpg","HD replacement","Repeated name and pack size in source","14","https://timeleaf.co.kr/products/lip-star","images/GKR-177.jpg","2048","2048","https://timeleaf.co.kr/products/lip-star","https://cdn.shopify.com/s/files/1/0788/6877/5185/files/LIPSTAR_3_BG_80120f08-7e42-4729-b16a-eac18576a577.jpg?v=1758115479","false"
"GKR-178","Misadi Beso","1ml/ 1syr","16.1","https://raw.githubusercontent.com/Vidaluxury20/guru-korea-hd-ezformz/main/images/GKR-178.jpg","HD replacement","Photo missing","14","https://www.lumeemaison.com/product/1","images/GKR-178.jpg","1024","1024","https://www.lumeemaison.com/product/1","https://www.lumeemaison.com/images/products/product-1.webp?v=1779186381303","false"
"GKR-179","Puri Lips","1.1ml/ 1syr","19","https://raw.githubusercontent.com/Vidaluxury20/guru-korea-hd-ezformz/main/images/GKR-179.jpg","Retained original","","14","","images/GKR-179.jpg","359","582","","","true"
"GKR-180","Puri Lips Balm","8.5g","19.35","https://raw.githubusercontent.com/Vidaluxury20/guru-korea-hd-ezformz/main/images/GKR-180.jpg","HD replacement","Photo missing; Repeated name and pack size in source","14","https://fillerx.com/products/puri-lips-balm","images/GKR-180.jpg","2500","2500","https://fillerx.com/products/puri-lips-balm","https://cdn.shopify.com/s/files/1/0567/6436/7055/files/Puri-Lips-Balm-01.jpg?v=1790526802","false"
"GKR-181","Cindella i","2ml / 1sy","16.5","https://raw.githubusercontent.com/Vidaluxury20/guru-korea-hd-ezformz/main/images/GKR-181.jpg","HD replacement","","14","https://timeleaf.co.kr/products/cindella-i-2ml-x-1syr","images/GKR-181.jpg","2048","2048","https://timeleaf.co.kr/products/cindella-i-2ml-x-1syr","https://cdn.shopify.com/s/files/1/0788/6877/5185/files/CINDELLAi_1_BG.jpg?v=1764330231","false"
"GKR-182","Ami Eyes","2mL/syr","25","https://raw.githubusercontent.com/Vidaluxury20/guru-korea-hd-ezformz/main/images/GKR-182.jpg","HD replacement","","14","https://www.fillerworld.com/products/ami-eyes-2ml","images/GKR-182.jpg","1000","1000","https://www.fillerworld.com/products/ami-eyes-2ml","https://cdn.shopify.com/s/files/1/0722/7647/6141/files/6215-large.png?v=1732219184","false"
"GKR-183","Curenex Eye","2mL/syr","26","https://raw.githubusercontent.com/Vidaluxury20/guru-korea-hd-ezformz/main/images/GKR-183.jpg","HD replacement","","14","https://timeleaf.co.kr/products/curenex-eye","images/GKR-183.jpg","2048","2048","https://timeleaf.co.kr/products/curenex-eye","https://cdn.shopify.com/s/files/1/0788/6877/5185/files/CurenexEye1_BG.jpg?v=1759133119","false"
"GKR-184","AETER Puri Eyes","1.1ml/ 1syr","25","https://raw.githubusercontent.com/Vidaluxury20/guru-korea-hd-ezformz/main/images/GKR-184.jpg","HD replacement","","14","https://js-aesthetics.global/shop/puri-eyes-wholesale/","images/GKR-184.jpg","1600","1807","https://js-aesthetics.global/shop/puri-eyes-wholesale/","https://js-aesthetics.global/wp-content/uploads/2026/01/Untitled-2.jpg","false"
"GKR-185","AETER Puri Eyes Pro","1.1ml/ 1syr","26","https://raw.githubusercontent.com/Vidaluxury20/guru-korea-hd-ezformz/main/images/GKR-185.jpg","Retained original","","14","","images/GKR-185.jpg","194","522","","","true"
"GKR-186","Puri Coll Rh","2.5ml/1sy","29","https://raw.githubusercontent.com/Vidaluxury20/guru-korea-hd-ezformz/main/images/GKR-186.jpg","HD replacement","","14","https://js-aesthetics.global/shop/puri-coll-rh-wholesale/","images/GKR-186.jpg","1200","1200","https://js-aesthetics.global/shop/puri-coll-rh-wholesale/","https://js-aesthetics.global/wp-content/uploads/2026/02/Untitled-3.jpg","false"
"GKR-187","Puri PDRN","2.5ml* 5 ampoules","42","https://raw.githubusercontent.com/Vidaluxury20/guru-korea-hd-ezformz/main/images/GKR-187.jpg","Retained original","","15","","images/GKR-187.jpg","356","406","","","true"
"GKR-188","Carat FIll Aurora Skin Booster","10 ampoules x 5.2ml","74.8","https://raw.githubusercontent.com/Vidaluxury20/guru-korea-hd-ezformz/main/images/GKR-188.jpg","New source photo (below HD)","Photo missing; Native source is below 1000px on one or both sides.","16","https://glowfill.co/products/caratfill-aurora-skin-booster","images/GKR-188.jpg","692","608","https://glowfill.co/products/caratfill-aurora-skin-booster","https://cdn.shopify.com/s/files/1/0969/3623/1187/files/caratfill-aurora-skin-booster-korean-skinbooster-wholesale-glowfill-aesthetic.png?v=1769336186","true"
"GKR-189","ELAXEN HA-PN","2.5 mL × 10 Syringes","73.2","https://raw.githubusercontent.com/Vidaluxury20/guru-korea-hd-ezformz/main/images/GKR-189.jpg","Retained original","","16","","images/GKR-189.jpg","333","161","","","true"
"GKR-190","ELAXEN PN","2.5 mL × 3 Syringes","43","https://raw.githubusercontent.com/Vidaluxury20/guru-korea-hd-ezformz/main/images/GKR-190.jpg","New source photo (below HD)","Photo missing; Supplier watermark retained.; Native source is below 1000px on one or both sides.","16","https://premiumdermalmart.com/products/elaxen-pn","images/GKR-190.jpg","759","759","https://premiumdermalmart.com/products/elaxen-pn","https://cdn.shopify.com/s/files/1/0763/1601/6989/files/Elaxen-PN.webp?v=1781228918","true"
"GKR-191","SARDENYA Nucleo","2.5ml x 1syr 33g 4mm(2)","40","https://raw.githubusercontent.com/Vidaluxury20/guru-korea-hd-ezformz/main/images/GKR-191.jpg","HD replacement","Photo missing","16","https://sbodyline.com/shop/sardenya-nucleo-with-lidocaine/","images/GKR-191.jpg","3360","2520","https://sbodyline.com/shop/sardenya-nucleo-with-lidocaine/","https://sbodyline.com/wp-content/uploads/2024/02/SARDENYA-NUCLEO-front-scaled.jpg","false"
"GKR-192","SARDENYA Nucleo+","2.5ml x 1syr 30g 4mm(2)","37","https://raw.githubusercontent.com/Vidaluxury20/guru-korea-hd-ezformz/main/images/GKR-192.jpg","HD replacement","Photo missing","16","https://sbodyline.com/shop/sardenya-nucleo-plus-with-lidocaine-2/","images/GKR-192.jpg","3360","2520","https://sbodyline.com/shop/sardenya-nucleo-plus-with-lidocaine-2/","https://sbodyline.com/wp-content/uploads/2024/02/SARDENYA-NUCLEO-PLUS-front-scaled.jpg","false"
"GKR-193","Eclafin M Ampoule","5ml x 5v","93.4","https://raw.githubusercontent.com/Vidaluxury20/guru-korea-hd-ezformz/main/images/GKR-193.jpg","HD replacement","","16","https://js-aesthetics.global/shop/eclafin-m/","images/GKR-193.jpg","1500","1500","https://js-aesthetics.global/shop/eclafin-m/","https://js-aesthetics.global/wp-content/uploads/2026/01/hmm.png","false"
"GKR-194","Eclafin V Ampoule","10ml x 5v","77.4","https://raw.githubusercontent.com/Vidaluxury20/guru-korea-hd-ezformz/main/images/GKR-194.jpg","Retained original","","16","","images/GKR-194.jpg","391","436","","","true"
"GKR-195","Eclafin P Ampoule","5ml x 5v","83","https://raw.githubusercontent.com/Vidaluxury20/guru-korea-hd-ezformz/main/images/GKR-195.jpg","Retained original","","16","","images/GKR-195.jpg","386","430","","","true"
"GKR-196","Eclafin S Ampoule","5ml x 5v","88","https://raw.githubusercontent.com/Vidaluxury20/guru-korea-hd-ezformz/main/images/GKR-196.jpg","Retained original","","16","","images/GKR-196.jpg","376","419","","","true"
"GKR-197","Rejuvenex Forte","2.5ml x 6ampoules / BOX","44.4","https://raw.githubusercontent.com/Vidaluxury20/guru-korea-hd-ezformz/main/images/GKR-197.jpg","Retained original","","16","","images/GKR-197.jpg","377","268","","","true"
"GKR-198","Rejuvenex Vega Shine","2.5ml x 6ampoules / BOX","44.4","https://raw.githubusercontent.com/Vidaluxury20/guru-korea-hd-ezformz/main/images/GKR-198.jpg","Retained original","","17","","images/GKR-198.jpg","436","276","","","true"
"GKR-199","Rejuran Tone Up booster","Vial 1: 2mL / 3vials Vial 2: 2mL /3vials","123","https://raw.githubusercontent.com/Vidaluxury20/guru-korea-hd-ezformz/main/images/GKR-199.jpg","HD replacement","","17","https://timeleaf.co.kr/products/rejuran-tone-up-booster","images/GKR-199.jpg","2048","2048","https://timeleaf.co.kr/products/rejuran-tone-up-booster","https://cdn.shopify.com/s/files/1/0788/6877/5185/files/REJURAN1_BG.jpg?v=1731613701","false"
"GKR-200","Soonsu Ultra Reju","3mL x 5ea","88","https://raw.githubusercontent.com/Vidaluxury20/guru-korea-hd-ezformz/main/images/GKR-200.jpg","HD replacement","","17","https://timeleaf.co.kr/products/ultrareju","images/GKR-200.jpg","2048","2048","https://timeleaf.co.kr/products/ultrareju","https://cdn.shopify.com/s/files/1/0788/6877/5185/files/ULTRAREJU1_BG.jpg?v=1759319370","false"
"GKR-201","PiNkLLA","100mg/ 1v","56","https://raw.githubusercontent.com/Vidaluxury20/guru-korea-hd-ezformz/main/images/GKR-201.jpg","HD replacement","","17","https://timeleaf.co.kr/products/pinklla","images/GKR-201.jpg","2048","2048","https://timeleaf.co.kr/products/pinklla","https://cdn.shopify.com/s/files/1/0788/6877/5185/files/PiNkLLA2_BG.jpg?v=1760698563","false"
"GKR-202","Olidia","1v","89","https://raw.githubusercontent.com/Vidaluxury20/guru-korea-hd-ezformz/main/images/GKR-202.jpg","HD replacement","","17","https://timeleaf.co.kr/products/olidia","images/GKR-202.jpg","2048","2048","https://timeleaf.co.kr/products/olidia","https://cdn.shopify.com/s/files/1/0788/6877/5185/files/OLIDIA_2_BG.jpg?v=1770122822","false"
"GKR-203","Plavann Volume","1v","59","https://raw.githubusercontent.com/Vidaluxury20/guru-korea-hd-ezformz/main/images/GKR-203.jpg","HD replacement","Photo missing; Photo shows Volume and Line variants together.; Supplier watermark retained.","17","https://premiumdermalmart.com/products/plavann-pla-ha","images/GKR-203.jpg","1456","1344","https://premiumdermalmart.com/products/plavann-pla-ha","https://cdn.shopify.com/s/files/1/0763/1601/6989/files/PlaVann-PLAHA.jpg?v=1781228582","false"
"GKR-204","Ultracol 100 (Ultra V)","100mg / 1v","119.8","https://raw.githubusercontent.com/Vidaluxury20/guru-korea-hd-ezformz/main/images/GKR-204.jpg","New source photo (below HD)","Photo missing; Photo shows Ultracol 100 and 200 variants together.; Native source is below 1000px on one or both sides.","17","https://itpharma.com/en/product/ultracol-200-2/","images/GKR-204.jpg","900","600","https://itpharma.com/en/product/ultracol-200-2/","https://itpharma.com/wp-content/uploads/2024/12/ultracol-100-y-200.jpg","true"
"GKR-205","Ultracol 200 (Ultra V)","200mg / 1v","104.4","https://raw.githubusercontent.com/Vidaluxury20/guru-korea-hd-ezformz/main/images/GKR-205.jpg","New source photo (below HD)","Photo missing; Native source is below 1000px on one or both sides.","17","https://itpharma.com/en/product/ultracol-200-2/","images/GKR-205.jpg","900","600","https://itpharma.com/en/product/ultracol-200-2/","https://itpharma.com/wp-content/uploads/2024/12/ultracol-200.jpg","true"
"GKR-206","Dermaheal HSR","5mL/10v","85","https://raw.githubusercontent.com/Vidaluxury20/guru-korea-hd-ezformz/main/images/GKR-206.jpg","HD replacement","","17","https://www.fillerworld.com/products/dermaheal-hsr-5x10-vials","images/GKR-206.jpg","1000","1000","https://www.fillerworld.com/products/dermaheal-hsr-5x10-vials","https://cdn.shopify.com/s/files/1/0722/7647/6141/files/5633-large.png?v=1741082660","false"
"GKR-207","Dermaheal SR","5mL/10v","85","https://raw.githubusercontent.com/Vidaluxury20/guru-korea-hd-ezformz/main/images/GKR-207.jpg","Retained original","","18","","images/GKR-207.jpg","800","686","","","true"
"GKR-208","Dermaheal SB","5mL/10v","85","https://raw.githubusercontent.com/Vidaluxury20/guru-korea-hd-ezformz/main/images/GKR-208.jpg","HD replacement","Photo missing; Supplier watermark retained.","19","https://premiumdermalmart.com/products/dermaheal-sb","images/GKR-208.jpg","1023","1023","https://premiumdermalmart.com/products/dermaheal-sb","https://cdn.shopify.com/s/files/1/0763/1601/6989/products/Dermaheal-SB.jpg?v=1781228448","false"
"GKR-209","Dermaheal HL","5mL/10v","85","https://raw.githubusercontent.com/Vidaluxury20/guru-korea-hd-ezformz/main/images/GKR-209.jpg","HD replacement","","19","https://www.fillerworld.com/products/dermaheal-hl-5x10ml","images/GKR-209.jpg","1000","1000","https://www.fillerworld.com/products/dermaheal-hl-5x10ml","https://cdn.shopify.com/s/files/1/0722/7647/6141/files/5698-large.png?v=1741082609","false"
"GKR-210","Kiara Reju","2,2mL/3syr","35.9","https://raw.githubusercontent.com/Vidaluxury20/guru-korea-hd-ezformz/main/images/GKR-210.jpg","HD replacement","","19","https://timeleaf.co.kr/products/kiara-reju","images/GKR-210.jpg","2048","2048","https://timeleaf.co.kr/products/kiara-reju","https://cdn.shopify.com/s/files/1/0788/6877/5185/files/Kiara_Reju1_BG.jpg?v=1730400867","false"
"GKR-211","Kiara + Aura","3.5ml/ 1v","37","https://raw.githubusercontent.com/Vidaluxury20/guru-korea-hd-ezformz/main/images/GKR-211.jpg","New source photo (below HD)","Photo missing; Native source is below 1000px on one or both sides.","19","https://bioplusshop.co.kr/product/detail.html?product_no=292","images/GKR-211.jpg","700","700","https://bioplusshop.co.kr/product/detail.html?product_no=292","https://bioplusshop.co.kr/web/product/big/202603/4697c47641c8df255124771b95554cd5.jpg","true"
"GKR-212","High Injection","2mL/3sy","36","https://raw.githubusercontent.com/Vidaluxury20/guru-korea-hd-ezformz/main/images/GKR-212.jpg","Retained original","","19","","images/GKR-212.jpg","426","241","","","true"
"GKR-213","Hyaron","2.5mL/10sy","45","https://raw.githubusercontent.com/Vidaluxury20/guru-korea-hd-ezformz/main/images/GKR-213.jpg","HD replacement","","19","https://timeleaf.co.kr/products/hyaron","images/GKR-213.jpg","2048","2048","https://timeleaf.co.kr/products/hyaron","https://cdn.shopify.com/s/files/1/0788/6877/5185/files/Hyaron_BG.jpg?v=1757509863","false"
"GKR-214","Silksense","2.5ml / 1sy","51","https://raw.githubusercontent.com/Vidaluxury20/guru-korea-hd-ezformz/main/images/GKR-214.jpg","HD replacement","Photo missing","19","https://sbodyline.com/shop/silksense/","images/GKR-214.jpg","3360","2520","https://sbodyline.com/shop/silksense/","https://sbodyline.com/wp-content/uploads/2025/07/SILKSENSE-front-scaled.jpg","false"
"GKR-215","Purihilo PN","2.5ml / 1sy","58.5","https://raw.githubusercontent.com/Vidaluxury20/guru-korea-hd-ezformz/main/images/GKR-215.jpg","HD replacement","","19","https://js-aesthetics.global/shop/purihilo-pn-wholesale/","images/GKR-215.jpg","1000","1000","https://js-aesthetics.global/shop/purihilo-pn-wholesale/","https://js-aesthetics.global/wp-content/uploads/2026/01/PURIHILO-PN-누끼-2.png","false"
"GKR-216","REVS PRO 32","64mg/syr","54","https://raw.githubusercontent.com/Vidaluxury20/guru-korea-hd-ezformz/main/images/GKR-216.jpg","HD replacement","","19","https://www.fillerworld.com/products/revs-pro32-1x2ml","images/GKR-216.jpg","2722","2722","https://www.fillerworld.com/products/revs-pro32-1x2ml","https://cdn.shopify.com/s/files/1/0722/7647/6141/files/RevPro32FW.jpg?v=1771332059","false"
"GKR-217","Evehilo","64mg/syr","74","https://raw.githubusercontent.com/Vidaluxury20/guru-korea-hd-ezformz/main/images/GKR-217.jpg","HD replacement","","19","https://timeleaf.co.kr/products/evehilo","images/GKR-217.jpg","2048","2048","https://timeleaf.co.kr/products/evehilo","https://cdn.shopify.com/s/files/1/0788/6877/5185/files/evehilo1_BG.jpg?v=1760430763","false"
"GKR-218","Hilo Wave","2ml / 1sy","90","https://raw.githubusercontent.com/Vidaluxury20/guru-korea-hd-ezformz/main/images/GKR-218.jpg","HD replacement","","19","https://timeleaf.co.kr/products/hilo-wave","images/GKR-218.jpg","2048","2048","https://timeleaf.co.kr/products/hilo-wave","https://cdn.shopify.com/s/files/1/0788/6877/5185/files/hilowave2_BG.jpg?v=1760175817","false"
"GKR-219","Hilo Wave ID","2ml / 1sy","80","https://raw.githubusercontent.com/Vidaluxury20/guru-korea-hd-ezformz/main/images/GKR-219.jpg","HD replacement","Photo missing; Supplier watermark retained.","20","https://premiumdermalmart.com/products/hilo-wave","images/GKR-219.jpg","1629","1759","https://premiumdermalmart.com/products/hilo-wave","https://cdn.shopify.com/s/files/1/0763/1601/6989/files/Hilo_Wave.webp?v=1781230208","false"
"GKR-220","Celosome Aqua","2.5mL x 5syr","65","https://raw.githubusercontent.com/Vidaluxury20/guru-korea-hd-ezformz/main/images/GKR-220.jpg","HD replacement","","20","https://timeleaf.co.kr/products/celosome-aqua","images/GKR-220.jpg","2048","2048","https://timeleaf.co.kr/products/celosome-aqua","https://cdn.shopify.com/s/files/1/0788/6877/5185/files/CelosomeAqua_Original_BG.jpg?v=1731092222","false"
"GKR-221","Regenovue Aquashine","3ml/3syr","40","https://raw.githubusercontent.com/Vidaluxury20/guru-korea-hd-ezformz/main/images/GKR-221.jpg","HD replacement","","20","https://www.fillerworld.com/products/regenovue-aqua-shine-3ml-x-3-syringes","images/GKR-221.jpg","1000","1000","https://www.fillerworld.com/products/regenovue-aqua-shine-3ml-x-3-syringes","https://cdn.shopify.com/s/files/1/0722/7647/6141/files/6316-large.png?v=1732219291","false"
"GKR-222","Regenovue Aquashine Plus","3ml/3syr","41","https://raw.githubusercontent.com/Vidaluxury20/guru-korea-hd-ezformz/main/images/GKR-222.jpg","HD replacement","","20","https://www.fillerworld.com/products/regenovue-aqua-shine-plus-3ml-x-3-syringes","images/GKR-222.jpg","1000","1000","https://www.fillerworld.com/products/regenovue-aqua-shine-plus-3ml-x-3-syringes","https://cdn.shopify.com/s/files/1/0722/7647/6141/files/6221-large.png?v=1732219196","false"
"GKR-223","Hyalmass 50cc","2mL/1syr","17.75","https://raw.githubusercontent.com/Vidaluxury20/guru-korea-hd-ezformz/main/images/GKR-223.jpg","New source photo (below HD)","Photo missing; Native source is below 1000px on one or both sides.","20","https://www.lumeemaison.com/product/77","images/GKR-223.jpg","620","338","https://www.lumeemaison.com/product/77","https://www.lumeemaison.com/images/products/product-77.webp?v=1779186381303","true"
"GKR-224","GC Wellbeing Collafill","1mL/1syr","31","https://raw.githubusercontent.com/Vidaluxury20/guru-korea-hd-ezformz/main/images/GKR-224.jpg","Retained original","","20","","images/GKR-224.jpg","652","266","","","true"
"GKR-225","Gouri","1mL/1syr","120","https://raw.githubusercontent.com/Vidaluxury20/guru-korea-hd-ezformz/main/images/GKR-225.jpg","HD replacement","","20","https://timeleaf.co.kr/products/gouri","images/GKR-225.jpg","2048","2048","https://timeleaf.co.kr/products/gouri","https://cdn.shopify.com/s/files/1/0788/6877/5185/files/GOURI_ORIGINAL1_BG.jpg?v=1730400255","false"
"GKR-226","NEOME PCL","1mL/1syr","110","https://raw.githubusercontent.com/Vidaluxury20/guru-korea-hd-ezformz/main/images/GKR-226.jpg","New source photo (below HD)","Photo missing; Native source is below 1000px on one or both sides.","20","https://fillerface.co.uk/products/neome-liquid-pcl-1-x-1ml","images/GKR-226.jpg","750","1000","https://fillerface.co.uk/products/neome-liquid-pcl-1-x-1ml","https://cdn.shopify.com/s/files/1/0962/2968/7623/files/neome-liquid-pcl-1-x-1ml-926.webp?v=1789383254","true"
"GKR-227","Miracle L (Skin lifting and rejuvenation)","2mL x 5V","190","https://raw.githubusercontent.com/Vidaluxury20/guru-korea-hd-ezformz/main/images/GKR-227.jpg","HD replacement","","20","https://timeleaf.co.kr/products/miracle-l","images/GKR-227.jpg","2048","2048","https://timeleaf.co.kr/products/miracle-l","https://cdn.shopify.com/s/files/1/0788/6877/5185/files/Miracle_L_original_BG.jpg?v=1730401534","false"
"GKR-228","Miracle H (Skin hydration and rejuvenation)","2mL x 5V","190","https://raw.githubusercontent.com/Vidaluxury20/guru-korea-hd-ezformz/main/images/GKR-228.jpg","HD replacement","","20","https://timeleaf.co.kr/products/miracle-h","images/GKR-228.jpg","2048","2048","https://timeleaf.co.kr/products/miracle-h","https://cdn.shopify.com/s/files/1/0788/6877/5185/files/Miracle_H_original_BG.jpg?v=1730401474","false"
"GKR-229","Miracle Touch BR (Skin Brightening)","5mL x 5V","55","https://raw.githubusercontent.com/Vidaluxury20/guru-korea-hd-ezformz/main/images/GKR-229.jpg","Retained original","","20","","images/GKR-229.jpg","615","397","","","true"
"GKR-230","MISFILL+ Baby face","5mL x 10V","31","https://raw.githubusercontent.com/Vidaluxury20/guru-korea-hd-ezformz/main/images/GKR-230.jpg","HD replacement","","20","https://timeleaf.co.kr/products/misfill-baby-face-5ml-x-10vial","images/GKR-230.jpg","1024","1024","https://timeleaf.co.kr/products/misfill-baby-face-5ml-x-10vial","https://cdn.shopify.com/s/files/1/0788/6877/5185/files/82D89E5B-AFD4-42B8-9C3D-AEA7D669E92C.jpg?v=1787750583","false"
"GKR-231","Beads Max Whitening Skin booster","2mL x 2syr","38","https://raw.githubusercontent.com/Vidaluxury20/guru-korea-hd-ezformz/main/images/GKR-231.jpg","HD replacement","","20","https://timeleaf.co.kr/products/beads-max-whitening-skinbooster-2ml-x-3syr","images/GKR-231.jpg","2048","2048","https://timeleaf.co.kr/products/beads-max-whitening-skinbooster-2ml-x-3syr","https://cdn.shopify.com/s/files/1/0788/6877/5185/files/BeadsMaxWhiteningSkinbooster_3_BG.jpg?v=1786803134","false"
"GKR-232","Miracle Touch UP","2mL x 5V","90","https://raw.githubusercontent.com/Vidaluxury20/guru-korea-hd-ezformz/main/images/GKR-232.jpg","Retained original","","21","","images/GKR-232.jpg","538","348","","","true"
"GKR-233","HP Cell VITARAN i (PN 2%)","1ml x 1syringe","55","https://raw.githubusercontent.com/Vidaluxury20/guru-korea-hd-ezformz/main/images/GKR-233.jpg","Retained original","","21","","images/GKR-233.jpg","424","176","","","true"
"GKR-234","HP Cell VITARAN i Ⅱ (PN 2%)","2ml x 1syringe","75","https://raw.githubusercontent.com/Vidaluxury20/guru-korea-hd-ezformz/main/images/GKR-234.jpg","Retained original","","21","","images/GKR-234.jpg","449","208","","","true"
"GKR-235","HP Cell VITARAN i 4 (PN 2%)","2ml x 2syringe","135","https://raw.githubusercontent.com/Vidaluxury20/guru-korea-hd-ezformz/main/images/GKR-235.jpg","Retained original","","22","","images/GKR-235.jpg","487","209","","","true"
"GKR-236","HP Cell Regation Tox & Eye","3.0ml / 5v","79","https://raw.githubusercontent.com/Vidaluxury20/guru-korea-hd-ezformz/main/images/GKR-236.jpg","Retained original","","23","","images/GKR-236.jpg","724","493","","","true"
"GKR-237","Juvelook","50mg/ 1v","127","https://raw.githubusercontent.com/Vidaluxury20/guru-korea-hd-ezformz/main/images/GKR-237.jpg","Retained original","","23","","images/GKR-237.jpg","314","304","","","true"
"GKR-238","Juvelook I","30mg/ 1v","107","https://raw.githubusercontent.com/Vidaluxury20/guru-korea-hd-ezformz/main/images/GKR-238.jpg","New source photo (below HD)","Photo missing; Native source is below 1000px on one or both sides.","23","https://juvelook.co.kr/sub/product.php","images/GKR-238.jpg","298","681","https://juvelook.co.kr/sub/product.php","https://juvelook.co.kr/images/sub/juvelook-i-img.png","true"
"GKR-239","Juvelook Volume","200mg/ 1v","139","https://raw.githubusercontent.com/Vidaluxury20/guru-korea-hd-ezformz/main/images/GKR-239.jpg","HD replacement","Photo missing","23","https://www.lumeemaison.com/product/339","images/GKR-239.jpg","1024","1024","https://www.lumeemaison.com/product/339","https://www.lumeemaison.com/images/products/product-339.webp?v=1779186381303","false"
"GKR-240","Juvelook G","200mg / 1v","127","https://raw.githubusercontent.com/Vidaluxury20/guru-korea-hd-ezformz/main/images/GKR-240.jpg","New source photo (below HD)","Photo missing; Native source is below 1000px on one or both sides.","23","https://juvelook.co.kr/sub/product.php","images/GKR-240.jpg","298","681","https://juvelook.co.kr/sub/product.php","https://juvelook.co.kr/images/sub/juvelook-g-img.png","true"
"GKR-241","Etrebelle","200mg/v","78","https://raw.githubusercontent.com/Vidaluxury20/guru-korea-hd-ezformz/main/images/GKR-241.jpg","Retained original","","23","","images/GKR-241.jpg","454","431","","","true"
"GKR-242","Etrebelle","50mg/v","78","https://raw.githubusercontent.com/Vidaluxury20/guru-korea-hd-ezformz/main/images/GKR-242.jpg","Retained original","","23","","images/GKR-242.jpg","454","431","","","true"
"GKR-243","Etrebelle PN","436.8mg / 1v","77.8","https://raw.githubusercontent.com/Vidaluxury20/guru-korea-hd-ezformz/main/images/GKR-243.jpg","Retained original","","23","","images/GKR-243.jpg","300","285","","","true"
"GKR-244","Lefilleo DMT","3ml/ 1v","46","https://raw.githubusercontent.com/Vidaluxury20/guru-korea-hd-ezformz/main/images/GKR-244.jpg","HD replacement","Photo missing","23","https://www.dermaceutick.com/products/lefilleo-dmt","images/GKR-244.jpg","1080","1080","https://www.dermaceutick.com/products/lefilleo-dmt","https://cdn.shopify.com/s/files/1/0812/6968/6545/files/lefilleo.jpg?v=1700097058","false"
"GKR-245","Sculptra","5mL/ 1v","245","https://raw.githubusercontent.com/Vidaluxury20/guru-korea-hd-ezformz/main/images/GKR-245.jpg","Retained original","","23","","images/GKR-245.jpg","427","295","","","true"
"GKR-246","Rejubella","300mg/5v","271","https://raw.githubusercontent.com/Vidaluxury20/guru-korea-hd-ezformz/main/images/GKR-246.jpg","Retained original","","24","","images/GKR-246.jpg","305","332","","","true"
"GKR-247","Peachfill","200mg/ 1v","103","https://raw.githubusercontent.com/Vidaluxury20/guru-korea-hd-ezformz/main/images/GKR-247.jpg","Retained original","","24","","images/GKR-247.jpg","220","278","","","true"
"GKR-248","Synatoks R Plus","5ml / 5v","52.45","https://raw.githubusercontent.com/Vidaluxury20/guru-korea-hd-ezformz/main/images/GKR-248.jpg","New source photo (below HD)","Photo missing; Native source is below 1000px on one or both sides.","24","https://www.gcsbio.com/eng/brands/brandsOther1.asp","images/GKR-248.jpg","360","284","https://www.gcsbio.com/eng/brands/brandsOther1.asp","https://www.gcsbio.com/eng/static/images/content/img_other1_12.png","true"
"GKR-249","Aesthefill","200mg/v","165","https://raw.githubusercontent.com/Vidaluxury20/guru-korea-hd-ezformz/main/images/GKR-249.jpg","HD replacement","","24","https://timeleaf.co.kr/products/aesthefill-200mg-x-1vial-korean-version","images/GKR-249.jpg","2048","2048","https://timeleaf.co.kr/products/aesthefill-200mg-x-1vial-korean-version","https://cdn.shopify.com/s/files/1/0788/6877/5185/files/AestheFill200mg_1_BG.jpg?v=1770284869","false"
"GKR-250","Ellanse M","1mL x 2syr","530","https://raw.githubusercontent.com/Vidaluxury20/guru-korea-hd-ezformz/main/images/GKR-250.jpg","HD replacement","","24","https://www.fillerworld.com/products/ellanse-m-2x1ml","images/GKR-250.jpg","1000","1000","https://www.fillerworld.com/products/ellanse-m-2x1ml","https://cdn.shopify.com/s/files/1/0722/7647/6141/files/98-large.png?v=1732209105","false"
"GKR-251","Radiesse","1.5cc/1syr","170","https://raw.githubusercontent.com/Vidaluxury20/guru-korea-hd-ezformz/main/images/GKR-251.jpg","Retained original","","24","","images/GKR-251.jpg","419","359","","","true"
"GKR-252","Radiesse Lido","1.5cc/1syr","170","https://raw.githubusercontent.com/Vidaluxury20/guru-korea-hd-ezformz/main/images/GKR-252.jpg","HD replacement","","24","https://www.fillerworld.com/products/radiesse-with-lidocaine-1x1-5ml","images/GKR-252.jpg","2585","2585","https://www.fillerworld.com/products/radiesse-with-lidocaine-1x1-5ml","https://cdn.shopify.com/s/files/1/0722/7647/6141/files/RadiesselidoFW.jpg?v=1770986351","false"
"GKR-253","Volassom","0.8cc/2syr","85","https://raw.githubusercontent.com/Vidaluxury20/guru-korea-hd-ezformz/main/images/GKR-253.jpg","HD replacement","","24","https://timeleaf.co.kr/products/volassom","images/GKR-253.jpg","2048","2048","https://timeleaf.co.kr/products/volassom","https://cdn.shopify.com/s/files/1/0788/6877/5185/files/volassom_original_BG.jpg?v=1730401695","false"
"GKR-254","Juvederm Skinvive","1ml/2syr","179","https://raw.githubusercontent.com/Vidaluxury20/guru-korea-hd-ezformz/main/images/GKR-254.jpg","HD replacement","","24","https://www.fillerworld.com/products/juvederm-skinvive-2x1ml","images/GKR-254.jpg","3267","3267","https://www.fillerworld.com/products/juvederm-skinvive-2x1ml","https://cdn.shopify.com/s/files/1/0722/7647/6141/files/JuvedermSkinviveFW.jpg?v=1763559964","false"
"GKR-255","Wellsline","10ml x 5v","40","https://raw.githubusercontent.com/Vidaluxury20/guru-korea-hd-ezformz/main/images/GKR-255.jpg","HD replacement","","24","https://timeleaf.co.kr/products/wells-line-10ml-x-5vial","images/GKR-255.jpg","2048","2048","https://timeleaf.co.kr/products/wells-line-10ml-x-5vial","https://cdn.shopify.com/s/files/1/0788/6877/5185/files/wellsline_2_BG.jpg?v=1764762295","false"
"GKR-256","Pine Bottle","10m x 5v","45.5","https://raw.githubusercontent.com/Vidaluxury20/guru-korea-hd-ezformz/main/images/GKR-256.jpg","HD replacement","","24","https://timeleaf.co.kr/products/pine-bottle","images/GKR-256.jpg","2048","2048","https://timeleaf.co.kr/products/pine-bottle","https://cdn.shopify.com/s/files/1/0788/6877/5185/files/PineBottle_original_BG.jpg?v=1731152776","false"
"GKR-257","Lipo Lab","10ml x 10A","44","https://raw.githubusercontent.com/Vidaluxury20/guru-korea-hd-ezformz/main/images/GKR-257.jpg","HD replacement","","24","https://timeleaf.co.kr/products/lipo-lab-1","images/GKR-257.jpg","2048","2048","https://timeleaf.co.kr/products/lipo-lab-1","https://cdn.shopify.com/s/files/1/0788/6877/5185/files/Lipo_Lab_orginal_BG_8f436a9d-5ddb-459d-9569-b33cec80e22e.jpg?v=1754752073","false"
"GKR-258","Kabelline","8ml*5V","45","https://raw.githubusercontent.com/Vidaluxury20/guru-korea-hd-ezformz/main/images/GKR-258.jpg","HD replacement","","25","https://timeleaf.co.kr/products/kabelline","images/GKR-258.jpg","2048","2048","https://timeleaf.co.kr/products/kabelline","https://cdn.shopify.com/s/files/1/0788/6877/5185/files/Kabelline_original_2_BG.jpg?v=1731148644","false"
"GKR-259","Super V-line Sol.","10mL*5V","33","https://raw.githubusercontent.com/Vidaluxury20/guru-korea-hd-ezformz/main/images/GKR-259.jpg","HD replacement","","25","https://js-aesthetics.global/shop/super-v-line-sol/","images/GKR-259.jpg","1500","1500","https://js-aesthetics.global/shop/super-v-line-sol/","https://js-aesthetics.global/wp-content/uploads/2026/01/hlllkn.png","false"
"GKR-260","Premium PPC.C","10ml*5V","37","https://raw.githubusercontent.com/Vidaluxury20/guru-korea-hd-ezformz/main/images/GKR-260.jpg","Retained original","","25","","images/GKR-260.jpg","447","229","","","true"
"GKR-261","Lipo Lab V-Line","10mL x 5V","45","https://raw.githubusercontent.com/Vidaluxury20/guru-korea-hd-ezformz/main/images/GKR-261.jpg","HD replacement","","25","https://timeleaf.co.kr/products/lipo-lab-v-line","images/GKR-261.jpg","2048","2048","https://timeleaf.co.kr/products/lipo-lab-v-line","https://cdn.shopify.com/s/files/1/0788/6877/5185/files/LipoLabV-line2_BG.jpg?v=1768822084","false"
"GKR-262","Lipovela","10mL x 10V","41.5","https://raw.githubusercontent.com/Vidaluxury20/guru-korea-hd-ezformz/main/images/GKR-262.jpg","HD replacement","","25","https://timeleaf.co.kr/products/lipo-vela-10ml-x-10vial","images/GKR-262.jpg","2048","2048","https://timeleaf.co.kr/products/lipo-vela-10ml-x-10vial","https://cdn.shopify.com/s/files/1/0788/6877/5185/files/LIPOVELA_3_BG.jpg?v=1765526458","false"
"GKR-263","Lipovela V","5ml / 10v","47","https://raw.githubusercontent.com/Vidaluxury20/guru-korea-hd-ezformz/main/images/GKR-263.jpg","HD replacement","","25","https://timeleaf.co.kr/products/lipo-vella-v-5ml-x-10vial","images/GKR-263.jpg","2048","2048","https://timeleaf.co.kr/products/lipo-vella-v-5ml-x-10vial","https://cdn.shopify.com/s/files/1/0788/6877/5185/files/LIPOVELLA-V_1_BG.jpg?v=1765446213","false"
"GKR-264","Dr.LIPO + V","5mL x 10V","50","https://raw.githubusercontent.com/Vidaluxury20/guru-korea-hd-ezformz/main/images/GKR-264.jpg","Retained original","","25","","images/GKR-264.jpg","621","550","","","true"
"GKR-265","Dr.Lipo+","10ml x 10V","50","https://raw.githubusercontent.com/Vidaluxury20/guru-korea-hd-ezformz/main/images/GKR-265.jpg","HD replacement","","25","https://www.lumeemaison.com/product/282","images/GKR-265.jpg","1000","1000","https://www.lumeemaison.com/product/282","https://axamhqgapwguurisgvvi.supabase.co/storage/v1/object/public/product-images/product-282/1780850188546.webp","false"
"GKR-266","Prime DR.LIPO+","2 mL × 10 V","55","https://raw.githubusercontent.com/Vidaluxury20/guru-korea-hd-ezformz/main/images/GKR-266.jpg","HD replacement","Supplier watermark retained.","25","https://premiumdermalmart.com/products/prime-dr-lipo","images/GKR-266.jpg","1023","1023","https://premiumdermalmart.com/products/prime-dr-lipo","https://cdn.shopify.com/s/files/1/0763/1601/6989/files/Prime-Dr_-Lipo.webp?v=1781229699","false"
"GKR-267","Curenex Lipo 5v/10ml","5 vials × 10ml","69","https://raw.githubusercontent.com/Vidaluxury20/guru-korea-hd-ezformz/main/images/GKR-267.jpg","HD replacement","","25","https://timeleaf.co.kr/products/curenex-lipo","images/GKR-267.jpg","2048","2048","https://timeleaf.co.kr/products/curenex-lipo","https://cdn.shopify.com/s/files/1/0788/6877/5185/files/curenexlipo_1_BG.jpg?v=1765371771","false"
"GKR-268","BM Hylunidase Inj.","1mL/10V","25","https://raw.githubusercontent.com/Vidaluxury20/guru-korea-hd-ezformz/main/images/GKR-268.jpg","HD replacement","","26","https://timeleaf.co.kr/products/bm-hylunidase","images/GKR-268.jpg","2048","2048","https://timeleaf.co.kr/products/bm-hylunidase","https://cdn.shopify.com/s/files/1/0788/6877/5185/files/BMHYLUNIDASE__BG.jpg?v=1747711709","false"
"GKR-269","Malinda Inj.","1mL/10V","25","https://raw.githubusercontent.com/Vidaluxury20/guru-korea-hd-ezformz/main/images/GKR-269.jpg","HD replacement","","26","https://timeleaf.co.kr/products/malinda","images/GKR-269.jpg","2048","2048","https://timeleaf.co.kr/products/malinda","https://cdn.shopify.com/s/files/1/0788/6877/5185/files/Malinda_3_BG.jpg?v=1775214426","false"
"GKR-270","LIPORASE Injection","1mL/10V","26.45","https://raw.githubusercontent.com/Vidaluxury20/guru-korea-hd-ezformz/main/images/GKR-270.jpg","HD replacement","","26","https://js-aesthetics.global/shop/liporase-inj/","images/GKR-270.jpg","1024","1024","https://js-aesthetics.global/shop/liporase-inj/","https://js-aesthetics.global/wp-content/uploads/2026/02/liporase-brunodermalfillercom-921489.webp","false"
"GKR-271","Lidcaine Plus Cream 10.56%","500g","22","https://raw.githubusercontent.com/Vidaluxury20/guru-korea-hd-ezformz/main/images/GKR-271.jpg","HD replacement","Photo missing","27","https://www.lumeemaison.com/product/372","images/GKR-271.jpg","1000","1000","https://www.lumeemaison.com/product/372","https://axamhqgapwguurisgvvi.supabase.co/storage/v1/object/public/product-images/product-372/1786088782238.webp","false"
"GKR-272","Wellscaine Cream 9.6%","500g","21","https://raw.githubusercontent.com/Vidaluxury20/guru-korea-hd-ezformz/main/images/GKR-272.jpg","New source photo (below HD)","Photo missing; Native source is below 1000px on one or both sides.","27","https://www.lumeemaison.com/product/373","images/GKR-272.jpg","464","561","https://www.lumeemaison.com/product/373","https://www.lumeemaison.com/images/products/product-373.webp?v=1779186381303","true"
"GKR-273","Wellscaine Plus Cream 5%","500g","23","https://raw.githubusercontent.com/Vidaluxury20/guru-korea-hd-ezformz/main/images/GKR-273.jpg","HD replacement","Photo missing; Supplier watermark retained.","27","https://premiumdermalmart.com/products/wellscain-plus-cream-lidocaine-2-5-prilocaine-2-5","images/GKR-273.jpg","1079","1079","https://premiumdermalmart.com/products/wellscain-plus-cream-lidocaine-2-5-prilocaine-2-5","https://cdn.shopify.com/s/files/1/0763/1601/6989/files/Wellscain-Plus-Cream-Lidocaine-2_5-Prilocaine-2_5.jpg?v=1781228720","false"
"GKR-274","SM lido cream 30g","30g","4.99","https://raw.githubusercontent.com/Vidaluxury20/guru-korea-hd-ezformz/main/images/GKR-274.jpg","New source photo (below HD)","Photo missing; Native source is below 1000px on one or both sides.","27","https://www.lumeemaison.com/product/380","images/GKR-274.jpg","554","554","https://www.lumeemaison.com/product/380","https://axamhqgapwguurisgvvi.supabase.co/storage/v1/object/public/product-images/product-380/1780851051880.webp","true"
"GKR-275","Muchcaine 10.56%","30g","4.99","https://raw.githubusercontent.com/Vidaluxury20/guru-korea-hd-ezformz/main/images/GKR-275.jpg","HD replacement","","27","https://timeleaf.co.kr/products/muchcaine","images/GKR-275.jpg","2048","2048","https://timeleaf.co.kr/products/muchcaine","https://cdn.shopify.com/s/files/1/0788/6877/5185/files/MUCHCAINE30Gand500G_1_BG.jpg?v=1765528490","false"
"GKR-276","Muchcaine PLUS 5% 500g","500g","26","https://raw.githubusercontent.com/Vidaluxury20/guru-korea-hd-ezformz/main/images/GKR-276.jpg","HD replacement","","27","https://timeleaf.co.kr/products/muchcaine-5-plus-cream-500g","images/GKR-276.jpg","2048","2048","https://timeleaf.co.kr/products/muchcaine-5-plus-cream-500g","https://cdn.shopify.com/s/files/1/0788/6877/5185/files/MUCHCAINE5_PlusCream500G_2_BG.jpg?v=1765785952","false"
"GKR-277","Muchcaine PLUS 5% 100g","100g","11","https://raw.githubusercontent.com/Vidaluxury20/guru-korea-hd-ezformz/main/images/GKR-277.jpg","HD replacement","","27","https://timeleaf.co.kr/products/muchcaine-plus-cream-100g","images/GKR-277.jpg","2048","2048","https://timeleaf.co.kr/products/muchcaine-plus-cream-100g","https://cdn.shopify.com/s/files/1/0788/6877/5185/files/MUCHCAINEPlusCream100G_1_BG.jpg?v=1765786628","false"
"GKR-278","Lidocaine HCI with Epinephrine injection (Huons) 1:100,000","1.8mL/50V","19","https://raw.githubusercontent.com/Vidaluxury20/guru-korea-hd-ezformz/main/images/GKR-278.jpg","Retained original","","27","","images/GKR-278.jpg","320","320","","","true"
"GKR-279","Lidocaine HCI with Epinephrine injection (Huons) 1:80,000","1.8mL/50V","22.45","https://raw.githubusercontent.com/Vidaluxury20/guru-korea-hd-ezformz/main/images/GKR-279.jpg","Retained original","","27","","images/GKR-279.jpg","362","362","","","true"
"GKR-280","Daihan Lidocaine HCl Hydrate Inj. 1% 20ml /10V","20ml /10V","7.35","https://raw.githubusercontent.com/Vidaluxury20/guru-korea-hd-ezformz/main/images/GKR-280.jpg","Retained original","","27","","images/GKR-280.jpg","311","195","","","true"
"GKR-281","Daihan Lidocaine HCl Hydrate Inj. 2% 20ml /10V","20ml /10V","7.5","https://raw.githubusercontent.com/Vidaluxury20/guru-korea-hd-ezformz/main/images/GKR-281.jpg","Retained original","","27","","images/GKR-281.jpg","487","259","","","true"
"GKR-282","Jeil Lidocaine HCl Hydrate Inj. 2% 20ml /10V","20ml /10V","7.5","https://raw.githubusercontent.com/Vidaluxury20/guru-korea-hd-ezformz/main/images/GKR-282.jpg","New source photo (below HD)","Photo missing; Native source is below 1000px on one or both sides.","27","https://skindermalfiller.com/products/jeil-lidocaine-2-injection","images/GKR-282.jpg","810","810","https://skindermalfiller.com/products/jeil-lidocaine-2-injection","https://cdn.shopify.com/s/files/1/0678/2330/4858/files/jeil-lidocaine-2-injection-thumbnail.webp?v=1787123634","true"
"GKR-283","Beracaine Spray 50ml","50ml","9","https://raw.githubusercontent.com/Vidaluxury20/guru-korea-hd-ezformz/main/images/GKR-283.jpg","HD replacement","","27","https://www.lumeemaison.com/product/374","images/GKR-283.jpg","1024","1024","https://www.lumeemaison.com/product/374","https://www.lumeemaison.com/images/products/product-374.webp?v=1779186381303","false"
"GKR-284","Laennec Injection 10A","2mL*10A","65","https://raw.githubusercontent.com/Vidaluxury20/guru-korea-hd-ezformz/main/images/GKR-284.jpg","Retained original","","27","","images/GKR-284.jpg","420","292","","","true"
"GKR-285","Laennec Injection 50A","2mL*50A","237.6","https://raw.githubusercontent.com/Vidaluxury20/guru-korea-hd-ezformz/main/images/GKR-285.jpg","Retained original","","27","","images/GKR-285.jpg","420","292","","","true"
"GKR-286","Rejuve Injection","2ml*50A","155","https://raw.githubusercontent.com/Vidaluxury20/guru-korea-hd-ezformz/main/images/GKR-286.jpg","Retained original","","27","","images/GKR-286.jpg","537","241","","","true"
"GKR-287","MELSMON Injection","2mL*50A","313.5","https://raw.githubusercontent.com/Vidaluxury20/guru-korea-hd-ezformz/main/images/GKR-287.jpg","HD replacement","","28","https://js-aesthetics.global/shop/melsmon-wholesale/","images/GKR-287.jpg","1200","1200","https://js-aesthetics.global/shop/melsmon-wholesale/","https://js-aesthetics.global/wp-content/uploads/2026/02/MELSMONProteinaminoacidpreparations.webp","false"
"GKR-288","JBP Plamon Inj.","2ml/10A","44","https://raw.githubusercontent.com/Vidaluxury20/guru-korea-hd-ezformz/main/images/GKR-288.jpg","HD replacement","","28","https://timeleaf.co.kr/products/jbp-plamon-inj","images/GKR-288.jpg","2048","2048","https://timeleaf.co.kr/products/jbp-plamon-inj","https://cdn.shopify.com/s/files/1/0788/6877/5185/files/JBPPLAMONINJ_BG.jpg?v=1751878361","false"
"GKR-289","Melamin Injection","2ml*50A","95","https://raw.githubusercontent.com/Vidaluxury20/guru-korea-hd-ezformz/main/images/GKR-289.jpg","New source photo (below HD)","Photo missing; Native source is below 1000px on one or both sides.","28","https://www.lumeemaison.com/product/389","images/GKR-289.jpg","1000","606","https://www.lumeemaison.com/product/389","https://www.lumeemaison.com/images/products/product-389.webp?v=1779186381303","true"
"GKR-290","Placentex Injection","3ml*5A","71","https://raw.githubusercontent.com/Vidaluxury20/guru-korea-hd-ezformz/main/images/GKR-290.jpg","HD replacement","","28","https://timeleaf.co.kr/products/placentex-inj","images/GKR-290.jpg","2048","2048","https://timeleaf.co.kr/products/placentex-inj","https://cdn.shopify.com/s/files/1/0788/6877/5185/files/PLACENTEXINJ__BG.jpg?v=1750164619","false"
"GKR-291","HiDr Injection","3ml*10V","64","https://raw.githubusercontent.com/Vidaluxury20/guru-korea-hd-ezformz/main/images/GKR-291.jpg","Retained original","","28","","images/GKR-291.jpg","669","466","","","true"
"GKR-292","Glutaone Injection 1200mg","10V","39","https://raw.githubusercontent.com/Vidaluxury20/guru-korea-hd-ezformz/main/images/GKR-292.jpg","HD replacement","","28","https://timeleaf.co.kr/products/glutaone-1200","images/GKR-292.jpg","2048","2048","https://timeleaf.co.kr/products/glutaone-1200","https://cdn.shopify.com/s/files/1/0788/6877/5185/files/Glutaone1200_BG.jpg?v=1743432521","false"
"GKR-293","Gluthion Injection 600mg","10V","33","https://raw.githubusercontent.com/Vidaluxury20/guru-korea-hd-ezformz/main/images/GKR-293.jpg","Retained original","","28","","images/GKR-293.jpg","540","360","","","true"
"GKR-294","Kuhnthione Injection 600mg","10V","32","https://raw.githubusercontent.com/Vidaluxury20/guru-korea-hd-ezformz/main/images/GKR-294.jpg","Retained original","","28","","images/GKR-294.jpg","423","284","","","true"
"GKR-295","Luthione 1200mg","10v","41.2","https://raw.githubusercontent.com/Vidaluxury20/guru-korea-hd-ezformz/main/images/GKR-295.jpg","HD replacement","","28","https://js-aesthetics.global/shop/glutathione-injection-wholesale/","images/GKR-295.jpg","1200","1200","https://js-aesthetics.global/shop/glutathione-injection-wholesale/","https://js-aesthetics.global/wp-content/uploads/2026/02/ygfvgsz.jpg","false"
"GKR-296","Detoxione Injection 1200mg","10V","41","https://raw.githubusercontent.com/Vidaluxury20/guru-korea-hd-ezformz/main/images/GKR-296.jpg","HD replacement","","28","https://timeleaf.co.kr/products/detoxione-1200","images/GKR-296.jpg","2048","2048","https://timeleaf.co.kr/products/detoxione-1200","https://cdn.shopify.com/s/files/1/0788/6877/5185/files/Detoxione1200_ORIGINAL_BG.jpg?v=1731133238","false"
"GKR-297","Detoxione Injection 600mg","10V","26","https://raw.githubusercontent.com/Vidaluxury20/guru-korea-hd-ezformz/main/images/GKR-297.jpg","HD replacement","Photo missing; 600mg supplier listing; front of box does not display strength.","28","https://koreaderma.shop/product/detoxione-600/","images/GKR-297.jpg","1500","1500","https://koreaderma.shop/product/detoxione-600/","https://koreaderma.shop/wp-content/uploads/2026/03/DETOXIONE-600.jpg","false"
"GKR-298","Bione Injection","10V","28","https://raw.githubusercontent.com/Vidaluxury20/guru-korea-hd-ezformz/main/images/GKR-298.jpg","Retained original","","28","","images/GKR-298.jpg","432","250","","","true"
"GKR-299","Lipotocin Injection","12mL/10A","24.5","https://raw.githubusercontent.com/Vidaluxury20/guru-korea-hd-ezformz/main/images/GKR-299.jpg","Retained original","","28","","images/GKR-299.jpg","625","378","","","true"
"GKR-300","Chioctocin Injection","5mL/10A","17","https://raw.githubusercontent.com/Vidaluxury20/guru-korea-hd-ezformz/main/images/GKR-300.jpg","Retained original","","28","","images/GKR-300.jpg","1000","486","","","true"
"GKR-301","Cindella Injection","5mL/10A","22","https://raw.githubusercontent.com/Vidaluxury20/guru-korea-hd-ezformz/main/images/GKR-301.jpg","HD replacement","","28","https://timeleaf.co.kr/products/cindella","images/GKR-301.jpg","2048","2048","https://timeleaf.co.kr/products/cindella","https://cdn.shopify.com/s/files/1/0788/6877/5185/files/CINDELLA_Original__4_BG.jpg?v=1734025391","false"
"GKR-302","Dermagen Glutathione Film","194.7mg/30 sheets","12.55","https://raw.githubusercontent.com/Vidaluxury20/guru-korea-hd-ezformz/main/images/GKR-302.jpg","Retained original","","28","","images/GKR-302.jpg","361","259","","","true"
"GKR-303","Glutatine Tablet 100mg","100T","22","https://raw.githubusercontent.com/Vidaluxury20/guru-korea-hd-ezformz/main/images/GKR-303.jpg","Retained original","","29","","images/GKR-303.jpg","368","300","","","true"
"GKR-304","Multivita Injection","4ml/10V","53","https://raw.githubusercontent.com/Vidaluxury20/guru-korea-hd-ezformz/main/images/GKR-304.jpg","HD replacement","","29","https://www.lumeemaison.com/product/353","images/GKR-304.jpg","1000","1024","https://www.lumeemaison.com/product/353","https://www.lumeemaison.com/images/products/product-353.jpg?v=1779186381303","false"
"GKR-305","GC Multi 5 Injection","10mL*10V","35","https://raw.githubusercontent.com/Vidaluxury20/guru-korea-hd-ezformz/main/images/GKR-305.jpg","Retained original","","29","","images/GKR-305.jpg","1000","517","","","true"
"GKR-306","Multiponent 5 Injection","10mL*10V","35","https://raw.githubusercontent.com/Vidaluxury20/guru-korea-hd-ezformz/main/images/GKR-306.jpg","Retained original","","29","","images/GKR-306.jpg","223","233","","","true"
"GKR-307","Maxiblue 5 Injection","10mL*10V","32.75","https://raw.githubusercontent.com/Vidaluxury20/guru-korea-hd-ezformz/main/images/GKR-307.jpg","HD replacement","","29","https://timeleaf.co.kr/products/maxiblue-5-inj-10ml-x-10vial","images/GKR-307.jpg","2048","2048","https://timeleaf.co.kr/products/maxiblue-5-inj-10ml-x-10vial","https://cdn.shopify.com/s/files/1/0788/6877/5185/files/Maxiblue5Inj_1_BG.jpg?v=1764155777","false"
"GKR-308","Multinew5 injection","10mL*10V","29.5","https://raw.githubusercontent.com/Vidaluxury20/guru-korea-hd-ezformz/main/images/GKR-308.jpg","Retained original","","29","","images/GKR-308.jpg","458","247","","","true"
"GKR-309","Multipotent 9 inj.","10mL*10V","73.8","https://raw.githubusercontent.com/Vidaluxury20/guru-korea-hd-ezformz/main/images/GKR-309.jpg","Retained original","","29","","images/GKR-309.jpg","346","168","","","true"
"GKR-310","Vita-D Injection 200,000 IU","1mL*10A","31.9","https://raw.githubusercontent.com/Vidaluxury20/guru-korea-hd-ezformz/main/images/GKR-310.jpg","HD replacement","","29","https://timeleaf.co.kr/products/vita-d-inj","images/GKR-310.jpg","2048","2048","https://timeleaf.co.kr/products/vita-d-inj","https://cdn.shopify.com/s/files/1/0788/6877/5185/files/Vita-DINJ_1MLX10AMP_3_BG.jpg?v=1766582535","false"
"GKR-311","Vita-D Injection 300,000 IU","1.5mL*10A","37.85","https://raw.githubusercontent.com/Vidaluxury20/guru-korea-hd-ezformz/main/images/GKR-311.jpg","HD replacement","","29","https://timeleaf.co.kr/products/vita-d-inj-1-5ml-x-10amp","images/GKR-311.jpg","2048","2048","https://timeleaf.co.kr/products/vita-d-inj-1-5ml-x-10amp","https://cdn.shopify.com/s/files/1/0788/6877/5185/files/Vita-DINJ_1_BG.jpg?v=1764153522","false"
"GKR-312","Vita-D Bone Injection","5mg/1mL*10A","35","https://raw.githubusercontent.com/Vidaluxury20/guru-korea-hd-ezformz/main/images/GKR-312.jpg","Retained original","","29","","images/GKR-312.jpg","424","218","","","true"
"GKR-313","VITAMIN C Injection","20mL*10V","21.75","https://raw.githubusercontent.com/Vidaluxury20/guru-korea-hd-ezformz/main/images/GKR-313.jpg","Retained original","","29","","images/GKR-313.jpg","505","257","","","true"
"GKR-314","Ascorbic Injection","20mL*10V","25","https://raw.githubusercontent.com/Vidaluxury20/guru-korea-hd-ezformz/main/images/GKR-314.jpg","Retained original","","29","","images/GKR-314.jpg","471","241","","","true"
"GKR-315","Ascorbic Acid Injection Huons","2mL*50A","22","https://raw.githubusercontent.com/Vidaluxury20/guru-korea-hd-ezformz/main/images/GKR-315.jpg","Retained original","","29","","images/GKR-315.jpg","273","277","","","true"
"GKR-316","Acogen Injection (Vitaminc C)","20mL*10V","21","https://raw.githubusercontent.com/Vidaluxury20/guru-korea-hd-ezformz/main/images/GKR-316.jpg","Retained original","","29","","images/GKR-316.jpg","273","277","","","true"
"GKR-317","Hycobal Injection","2mL*50A","44","https://raw.githubusercontent.com/Vidaluxury20/guru-korea-hd-ezformz/main/images/GKR-317.jpg","Retained original","","30","","images/GKR-317.jpg","489","258","","","true"
"GKR-318","Jeil High B12 Inj.","10ml/10A","18","https://raw.githubusercontent.com/Vidaluxury20/guru-korea-hd-ezformz/main/images/GKR-318.jpg","New source photo (below HD)","Photo missing; Manufacturer photo is 5mg/2ml; source catalog pack text differs. Confirm pack.; Native source is below 1000px on one or both sides.","30","https://www.jeilpharm.co.kr","images/GKR-318.jpg","726","726","https://www.jeilpharm.co.kr","https://www.jeilpharm.co.kr/product/product_img/94_9513212.jpg","true"
"GKR-319","Selenewone Injection","10ml*10v","45","https://raw.githubusercontent.com/Vidaluxury20/guru-korea-hd-ezformz/main/images/GKR-319.jpg","Retained original","","30","","images/GKR-319.jpg","468","256","","","true"
"GKR-320","Zinga Injection","10mL*10V","26.1","https://raw.githubusercontent.com/Vidaluxury20/guru-korea-hd-ezformz/main/images/GKR-320.jpg","Retained original","","30","","images/GKR-320.jpg","703","342","","","true"
"GKR-321","GC Zinc Injection","10ml / 10v","43","https://raw.githubusercontent.com/Vidaluxury20/guru-korea-hd-ezformz/main/images/GKR-321.jpg","Retained original","","30","","images/GKR-321.jpg","567","325","","","true"
"GKR-322","Benfos Tab.","30T","13","https://raw.githubusercontent.com/Vidaluxury20/guru-korea-hd-ezformz/main/images/GKR-322.jpg","Retained original","Repeated name and pack size in source","30","","images/GKR-322.jpg","364","219","","","true"
"GKR-323","Newfopam inj.","2ml*10A","9.65","https://raw.githubusercontent.com/Vidaluxury20/guru-korea-hd-ezformz/main/images/GKR-323.jpg","Retained original","","31","","images/GKR-323.jpg","454","188","","","true"
"GKR-324","Gitaco Injection","5mL*20A","23","https://raw.githubusercontent.com/Vidaluxury20/guru-korea-hd-ezformz/main/images/GKR-324.jpg","Retained original","","31","","images/GKR-324.jpg","344","238","","","true"
"GKR-325","Ginkobal inj. 5ml/20A","5ml/20A","21","https://raw.githubusercontent.com/Vidaluxury20/guru-korea-hd-ezformz/main/images/GKR-325.jpg","Retained original","","31","","images/GKR-325.jpg","343","242","","","true"
"GKR-326","ATP-S Injection","2mL x 50A","60","https://raw.githubusercontent.com/Vidaluxury20/guru-korea-hd-ezformz/main/images/GKR-326.jpg","Retained original","","31","","images/GKR-326.jpg","422","275","","","true"
"GKR-327","Acepain Injection","100mL ea 1box / 20 units","53","https://raw.githubusercontent.com/Vidaluxury20/guru-korea-hd-ezformz/main/images/GKR-327.jpg","Retained original","","31","","images/GKR-327.jpg","304","350","","","true"
"GKR-328","Magnesium Chloride Injection 1mg/10mL 10A","1mg/10mL","28","https://raw.githubusercontent.com/Vidaluxury20/guru-korea-hd-ezformz/main/images/GKR-328.jpg","Retained original","","31","","images/GKR-328.jpg","562","548","","","true"
"GKR-329","Curenex Snow Peel","Activator: 30ml (1v) powder: 1g (4v)","65","https://raw.githubusercontent.com/Vidaluxury20/guru-korea-hd-ezformz/main/images/GKR-329.jpg","HD replacement","","31","https://timeleaf.co.kr/products/curenex-snow-peel-1","images/GKR-329.jpg","2048","2048","https://timeleaf.co.kr/products/curenex-snow-peel-1","https://cdn.shopify.com/s/files/1/0788/6877/5185/files/curenexsnowpeel1_BG.jpg?v=1760519519","false"
"GKR-330","Soonsu Shining Peel Therapy","6ml*5v","94","https://raw.githubusercontent.com/Vidaluxury20/guru-korea-hd-ezformz/main/images/GKR-330.jpg","HD replacement","","31","https://timeleaf.co.kr/products/soonsu-shining-peel","images/GKR-330.jpg","2048","2048","https://timeleaf.co.kr/products/soonsu-shining-peel","https://cdn.shopify.com/s/files/1/0788/6877/5185/files/Soonsu-Shining-Peel_ORIGINAL_BG.jpg?v=1730235385","false"
"GKR-331","Ferinject 2mL/1V","2mL/1V","14","https://raw.githubusercontent.com/Vidaluxury20/guru-korea-hd-ezformz/main/images/GKR-331.jpg","New source photo (below HD)","Photo missing; Native source is below 1000px on one or both sides.","31","https://globalsurgicals.in/products/ferinject-100mg-injection-2ml","images/GKR-331.jpg","600","600","https://globalsurgicals.in/products/ferinject-100mg-injection-2ml","https://cdn.shopify.com/s/files/1/0792/7060/9116/files/YPeVq82OpJ-ferinject_100mg_injection_2ml_0.jpg?v=1762017997","true"
"GKR-332","Doxy Tablet","300T","36.8","https://raw.githubusercontent.com/Vidaluxury20/guru-korea-hd-ezformz/main/images/GKR-332.jpg","Retained original","","31","","images/GKR-332.jpg","440","456","","","true"
"GKR-333","Finasteride tab.","30T","7.6","https://raw.githubusercontent.com/Vidaluxury20/guru-korea-hd-ezformz/main/images/GKR-333.jpg","New source photo (below HD)","Photo missing; Native source is below 1000px on one or both sides.","32","https://www.lumeemaison.com/product/433","images/GKR-333.jpg","1168","880","https://www.lumeemaison.com/product/433","https://axamhqgapwguurisgvvi.supabase.co/storage/v1/object/public/product-images/product-433/1780841467865.webp","true"
"GKR-334","Harnal D Tablet 0.2mg","140T","76","https://raw.githubusercontent.com/Vidaluxury20/guru-korea-hd-ezformz/main/images/GKR-334.jpg","Retained original","","32","","images/GKR-334.jpg","558","177","","","true"
"GKR-335","Synthyroid Tab. 0.075mg","100T","8.95","https://raw.githubusercontent.com/Vidaluxury20/guru-korea-hd-ezformz/main/images/GKR-335.jpg","Retained original","","32","","images/GKR-335.jpg","338","392","","","true"
"GKR-336","Yuhan Metformin Tablets 750 mg 300T","300T","33","https://raw.githubusercontent.com/Vidaluxury20/guru-korea-hd-ezformz/main/images/GKR-336.jpg","HD replacement","Photo missing","32","https://www.yuhan.co.kr/Mobile/Products/List/?YPRD_IDX=2154&cid=176&mode=view","images/GKR-336.jpg","2000","1515","https://www.yuhan.co.kr/Mobile/Products/List/?YPRD_IDX=2154&cid=176&mode=view","https://www.yuhan.co.kr/__DATA/YH_PRODUCTS/2017/12/메트포르민_750mg_제품사진.jpg","false"
"GKR-337","Benfos Tab.","30T","13","https://raw.githubusercontent.com/Vidaluxury20/guru-korea-hd-ezformz/main/images/GKR-337.jpg","Retained original","Repeated name and pack size in source","32","","images/GKR-337.jpg","364","219","","","true"
"GKR-338","BENFOTA Tablet","60T","17","https://raw.githubusercontent.com/Vidaluxury20/guru-korea-hd-ezformz/main/images/GKR-338.jpg","Retained original","","32","","images/GKR-338.jpg","338","247","","","true"
"GKR-339","GC Arginine injection","10mL*10V","90","https://raw.githubusercontent.com/Vidaluxury20/guru-korea-hd-ezformz/main/images/GKR-339.jpg","Retained original","","32","","images/GKR-339.jpg","579","296","","","true"
"GKR-340","GC Arginine injection","25mL*10V","167","https://raw.githubusercontent.com/Vidaluxury20/guru-korea-hd-ezformz/main/images/GKR-340.jpg","Retained original","","32","","images/GKR-340.jpg","579","296","","","true"
"GKR-341","L-Arginex","10V","58.8","https://raw.githubusercontent.com/Vidaluxury20/guru-korea-hd-ezformz/main/images/GKR-341.jpg","HD replacement","Photo missing","32","https://nexus-pharma.com","images/GKR-341.jpg","2250","2250","https://nexus-pharma.com","https://nexus-pharma.com/wp-content/uploads/2025/04/L-Arginex-5000mg.webp","false"
"GKR-342","CARTINE Injection","5mL*10A","20","https://raw.githubusercontent.com/Vidaluxury20/guru-korea-hd-ezformz/main/images/GKR-342.jpg","Retained original","","32","","images/GKR-342.jpg","500","500","","","true"
"GKR-343","Mesocatin","10ml/ 10A","25","https://raw.githubusercontent.com/Vidaluxury20/guru-korea-hd-ezformz/main/images/GKR-343.jpg","Retained original","","32","","images/GKR-343.jpg","443","325","","","true"
"GKR-344","V-Three injection","10v","225","https://raw.githubusercontent.com/Vidaluxury20/guru-korea-hd-ezformz/main/images/GKR-344.jpg","HD replacement","Photo missing","32","https://oftbio.com/product/v-three-inj-niacin/158/","images/GKR-344.jpg","1500","1500","https://oftbio.com/product/v-three-inj-niacin/158/","https://ecimg.cafe24img.com/pg710b89780381000/oftbio/web/product/big/20251202/35ecde102e5320caab6ad3cf2c596203.jpg","false"
"GKR-345","Triamcinolone Injection 40mg Dongkwang","30V","24","https://raw.githubusercontent.com/Vidaluxury20/guru-korea-hd-ezformz/main/images/GKR-345.jpg","Retained original","","32","","images/GKR-345.jpg","470","367","","","true"
"GKR-346","Calcium Gluconate Inj. Daihan","20ml/ 50A","29","https://raw.githubusercontent.com/Vidaluxury20/guru-korea-hd-ezformz/main/images/GKR-346.jpg","Retained original","","33","","images/GKR-346.jpg","370","257","","","true"
"GKR-347","Tranexamic Acid Inj. 500mg","5mg/ 50 A","29","https://raw.githubusercontent.com/Vidaluxury20/guru-korea-hd-ezformz/main/images/GKR-347.jpg","Retained original","","33","","images/GKR-347.jpg","438","231","","","true"
"GKR-348","Trengamin Injection 250mg","5mg/ 50v","28","https://raw.githubusercontent.com/Vidaluxury20/guru-korea-hd-ezformz/main/images/GKR-348.jpg","HD replacement","Photo missing","33","https://health.kr","images/GKR-348.jpg","1772","1772","https://health.kr","https://common.health.kr/shared/images/ext_images/pack_img/P_A11AGGGGA4348_02.jpg","false"
"GKR-349","Trengamin Injection 500mg","5mg/ 10v","8.9","","Photo pending","Exact 500mg pack photo not found. Catalog pack text also needs confirmation.","33","","","","","","","true"
"GKR-350","Alfocholine inj.","4ml/ 10v","47.3","https://raw.githubusercontent.com/Vidaluxury20/guru-korea-hd-ezformz/main/images/GKR-350.jpg","New source photo (below HD)","Photo missing; Native source is below 1000px on one or both sides.","33","https://beauvous.co.kr/en/portfolio-category/all-products/","images/GKR-350.jpg","559","398","https://beauvous.co.kr/en/portfolio-category/all-products/","https://beauvous.co.kr/wp-content/uploads/2025/04/알포콜린-1.jpg","true"
"GKR-351","Revitalex","3mL/10V","90","https://raw.githubusercontent.com/Vidaluxury20/guru-korea-hd-ezformz/main/images/GKR-351.jpg","Retained original","","33","","images/GKR-351.jpg","687","412","","","true"
"GKR-352","Cenvido Injection","4ml/ 1v","86","https://raw.githubusercontent.com/Vidaluxury20/guru-korea-hd-ezformz/main/images/GKR-352.jpg","Retained original","","33","","images/GKR-352.jpg","325","264","","","true"
"GKR-353","Hishiphagen-C Injection","20mL x 50A","170","https://raw.githubusercontent.com/Vidaluxury20/guru-korea-hd-ezformz/main/images/GKR-353.jpg","Retained original","","33","","images/GKR-353.jpg","800","617","","","true"
"GKR-354","Aragan","25mg/2.5mL","29","https://raw.githubusercontent.com/Vidaluxury20/guru-korea-hd-ezformz/main/images/GKR-354.jpg","Retained original","","33","","images/GKR-354.jpg","351","232","","","true"
"GKR-355","Fursultamine Inj 10A","50mg/10mL/ 10A","25","https://raw.githubusercontent.com/Vidaluxury20/guru-korea-hd-ezformz/main/images/GKR-355.jpg","Retained original","","33","","images/GKR-355.jpg","500","500","","","true"
"GKR-356","Fursultamine Inj 50A","50mg/10mL/ 50A","124","https://raw.githubusercontent.com/Vidaluxury20/guru-korea-hd-ezformz/main/images/GKR-356.jpg","Retained original","","33","","images/GKR-356.jpg","500","500","","","true"
"GKR-357","Thymosin Injection","1mL × 2V","31","https://raw.githubusercontent.com/Vidaluxury20/guru-korea-hd-ezformz/main/images/GKR-357.jpg","Retained original","","33","","images/GKR-357.jpg","475","242","","","true"
"GKR-358","Vitamo inj.","2mL/50A","75","https://raw.githubusercontent.com/Vidaluxury20/guru-korea-hd-ezformz/main/images/GKR-358.jpg","HD replacement","","33","https://timeleaf.co.kr/products/vitamo-inj","images/GKR-358.jpg","2048","2048","https://timeleaf.co.kr/products/vitamo-inj","https://cdn.shopify.com/s/files/1/0788/6877/5185/files/VITAMOINJ__BG.jpg?v=1750334099","false"
"GKR-359","Dexamethasone Sodium Phosphate Injection","1ml/ 50A","14.5","https://raw.githubusercontent.com/Vidaluxury20/guru-korea-hd-ezformz/main/images/GKR-359.jpg","Retained original","","34","","images/GKR-359.jpg","712","347","","","true"
"GKR-360","Rejumate injector","Compo Rejumate main ejumate large-cap charging cable 1 MOQ 3","649.9","https://raw.githubusercontent.com/Vidaluxury20/guru-korea-hd-ezformz/main/images/GKR-360.jpg","Retained original","","34","","images/GKR-360.jpg","452","355","","","true"
"GKR-361","Rejuran Rejumate","0.8mm","137","https://raw.githubusercontent.com/Vidaluxury20/guru-korea-hd-ezformz/main/images/GKR-361.jpg","Retained original","","34","","images/GKR-361.jpg","388","511","","","true"
"GKR-362","Mohealer Shampoo","500ml","13","https://raw.githubusercontent.com/Vidaluxury20/guru-korea-hd-ezformz/main/images/GKR-362.jpg","Retained original","","35","","images/GKR-362.jpg","437","293","","","true"
"GKR-363","Mohealer Tonic","140ml","13.25","https://raw.githubusercontent.com/Vidaluxury20/guru-korea-hd-ezformz/main/images/GKR-363.jpg","New source photo (below HD)","Photo missing; Supplier watermark retained.; Native source is below 1000px on one or both sides.","35","https://premiumdermalmart.com/products/mohealer-tonic","images/GKR-363.jpg","221","457","https://premiumdermalmart.com/products/mohealer-tonic","https://cdn.shopify.com/s/files/1/0763/1601/6989/files/Mohealer_Tonic.png?v=1788886380","true"
"GKR-364","Dermagen Trimo90 Shampoo","500ml","12","https://raw.githubusercontent.com/Vidaluxury20/guru-korea-hd-ezformz/main/images/GKR-364.jpg","HD replacement","Supplier watermark retained.","35","https://premiumdermalmart.com/products/dermagen-trimo90-shampoo","images/GKR-364.jpg","1223","1199","https://premiumdermalmart.com/products/dermagen-trimo90-shampoo","https://cdn.shopify.com/s/files/1/0763/1601/6989/files/Dermagen-Trimo90-Shampoo.jpg?v=1781229157","false"
"GKR-365","Dermagen Trimo90 Tonic","120ml","13","https://raw.githubusercontent.com/Vidaluxury20/guru-korea-hd-ezformz/main/images/GKR-365.jpg","HD replacement","Supplier watermark retained.","35","https://premiumdermalmart.com/products/dermagen-trimo90-tonic","images/GKR-365.jpg","1217","1179","https://premiumdermalmart.com/products/dermagen-trimo90-tonic","https://cdn.shopify.com/s/files/1/0763/1601/6989/files/Dermagen-Trimo90-Tonic.jpg?v=1781229156","false"
"GKR-366","MANY SHOOT +","50ml","23","https://raw.githubusercontent.com/Vidaluxury20/guru-korea-hd-ezformz/main/images/GKR-366.jpg","Retained original","","35","","images/GKR-366.jpg","275","345","","","true"
"GKR-367","Hanheal hair filler","10v / 5ml","135","https://raw.githubusercontent.com/Vidaluxury20/guru-korea-hd-ezformz/main/images/GKR-367.jpg","Retained original","","35","","images/GKR-367.jpg","381","345","","","true"
"GKR-368","CellExosome Black Label Hair","[Exosome] 200mg x 1 vial [Solution] 6mL x 1 vial","45.8","https://raw.githubusercontent.com/Vidaluxury20/guru-korea-hd-ezformz/main/images/GKR-368.jpg","New source photo (below HD)","Photo missing; Repeated name and pack size in source; Supplier watermark retained.; Native source is below 1000px on one or both sides.","35","https://premiumdermalmart.com/products/cellexosome-black-label-hair","images/GKR-368.jpg","310","227","https://premiumdermalmart.com/products/cellexosome-black-label-hair","https://cdn.shopify.com/s/files/1/0763/1601/6989/files/Cellexosome-Black-Label-Hair.png?v=1781228805","true"
"GKR-369","GFC Cell Exo Scalp","5v / 5v (Powder / Solution)","130","https://raw.githubusercontent.com/Vidaluxury20/guru-korea-hd-ezformz/main/images/GKR-369.jpg","Retained original","Repeated name and pack size in source","35","","images/GKR-369.jpg","491","447","","","true"
"GKR-370","Exo Healer P198 Filcore - HB PLUS","2ml x5v","249","https://raw.githubusercontent.com/Vidaluxury20/guru-korea-hd-ezformz/main/images/GKR-370.jpg","Retained original","Repeated name and pack size in source","35","","images/GKR-370.jpg","381","220","","","true"
"GKR-371","Exo Healer P198 Filcore - HB program","2ml + 5ml (5pairs)","299","https://raw.githubusercontent.com/Vidaluxury20/guru-korea-hd-ezformz/main/images/GKR-371.jpg","Retained original","Repeated name and pack size in source","35","","images/GKR-371.jpg","380","182","","","true"
"GKR-372","Dermagen Wellspot (Hydrocolloid)","20pc*3","4","https://raw.githubusercontent.com/Vidaluxury20/guru-korea-hd-ezformz/main/images/GKR-372.jpg","HD replacement","","35","https://dermagen.kr/product/dermagen-wellspot/33/category/23/display/1/","images/GKR-372.jpg","1000","1000","https://dermagen.kr/product/dermagen-wellspot/33/category/23/display/1/","https://dermagen.kr/web/product/medium/202410/f435f22eefa3f9d4047edc121ee69a7e.jpg","false"
"GKR-373","Dermagen Acssak Acne Clear Facial Foam 180ml","180mL","9","https://raw.githubusercontent.com/Vidaluxury20/guru-korea-hd-ezformz/main/images/GKR-373.jpg","HD replacement","","35","https://www.lumeemaison.com/product/139","images/GKR-373.jpg","1024","1024","https://www.lumeemaison.com/product/139","https://www.lumeemaison.com/images/products/product-139.webp?v=1779186381303","false"
"GKR-374","Dermagen Acssak Acne Clear Facial Foam 120ml","120mL","8","https://raw.githubusercontent.com/Vidaluxury20/guru-korea-hd-ezformz/main/images/GKR-374.jpg","HD replacement","","36","https://dermagen.kr/product/dermagen-acssak-acne-clear-facial-foam-120ml/74/category/23/display/1/","images/GKR-374.jpg","1000","1000","https://dermagen.kr/product/dermagen-acssak-acne-clear-facial-foam-120ml/74/category/23/display/1/","https://dermagen.kr/web/product/medium/202307/40ad25644c548753de27f4d67c7ccc38.jpg","false"
"GKR-375","Curenex Hydrating Cleanser foam 150ml","150ml","11.8","https://raw.githubusercontent.com/Vidaluxury20/guru-korea-hd-ezformz/main/images/GKR-375.jpg","HD replacement","Photo missing","36","https://fillerx.com/products/curenex-hydrating-cleanser","images/GKR-375.jpg","2500","2500","https://fillerx.com/products/curenex-hydrating-cleanser","https://cdn.shopify.com/s/files/1/0567/6436/7055/files/Curenex-Hydrating-Cleanser---5.07-Fl-Oz.jpg?v=1787675161","false"
"GKR-376","Rapporapy Lunatox","50gr","10","https://raw.githubusercontent.com/Vidaluxury20/guru-korea-hd-ezformz/main/images/GKR-376.jpg","HD replacement","","36","https://dermagen.kr/product/rapporapy-lunatox-50g/69/category/23/display/1/","images/GKR-376.jpg","1000","1000","https://dermagen.kr/product/rapporapy-lunatox-50g/69/category/23/display/1/","https://dermagen.kr/web/product/medium/202507/dc0f4c2b3d03691ea1be73e6e425c43f.jpg","false"
"GKR-377","Rapporapy Centellase Ointment","50g","10","https://raw.githubusercontent.com/Vidaluxury20/guru-korea-hd-ezformz/main/images/GKR-377.jpg","HD replacement","Supplier watermark retained.","36","https://premiumdermalmart.com/products/centellase-oint","images/GKR-377.jpg","1499","1499","https://premiumdermalmart.com/products/centellase-oint","https://cdn.shopify.com/s/files/1/0763/1601/6989/files/Centellase-Oint.jpg?v=1781229904","false"
"GKR-378","Curenex Exo Brightening Cream 50ml","50ml","13.25","https://raw.githubusercontent.com/Vidaluxury20/guru-korea-hd-ezformz/main/images/GKR-378.jpg","HD replacement","Photo missing","36","https://www.lumeemaison.com/product/211","images/GKR-378.jpg","1024","1024","https://www.lumeemaison.com/product/211","https://www.lumeemaison.com/images/products/product-211.webp?v=1779186381303","false"
"GKR-379","Dermagen Plus Cellsia Cream 35g","35gr","7.1","https://raw.githubusercontent.com/Vidaluxury20/guru-korea-hd-ezformz/main/images/GKR-379.jpg","Retained original","","36","","images/GKR-379.jpg","441","329","","","true"
"GKR-380","Dermagen Plus Cellsia Cream 60g","60gr","10.1","https://raw.githubusercontent.com/Vidaluxury20/guru-korea-hd-ezformz/main/images/GKR-380.jpg","Retained original","","36","","images/GKR-380.jpg","441","329","","","true"
"GKR-381","Dermagen Plus Cellsia Cream 500g","500gr","29.3","https://raw.githubusercontent.com/Vidaluxury20/guru-korea-hd-ezformz/main/images/GKR-381.jpg","Retained original","","36","","images/GKR-381.jpg","441","329","","","true"
"GKR-382","Dermagen Egensia Cream 7g","7g","4","https://raw.githubusercontent.com/Vidaluxury20/guru-korea-hd-ezformz/main/images/GKR-382.jpg","Retained original","","36","","images/GKR-382.jpg","700","700","","","true"
"GKR-383","Dermagen Egensia Cream 50g","50g","7.8","https://raw.githubusercontent.com/Vidaluxury20/guru-korea-hd-ezformz/main/images/GKR-383.jpg","Retained original","","36","","images/GKR-383.jpg","700","700","","","true"
"GKR-384","Dermagen Urea Cream 100g","100g","5","https://raw.githubusercontent.com/Vidaluxury20/guru-korea-hd-ezformz/main/images/GKR-384.jpg","HD replacement","Supplier watermark retained.","36","https://premiumdermalmart.com/products/dermagen-urea-cream","images/GKR-384.jpg","2299","2299","https://premiumdermalmart.com/products/dermagen-urea-cream","https://cdn.shopify.com/s/files/1/0763/1601/6989/files/Dermagen-Urea-Cream.png?v=1781228766","false"
"GKR-385","Dermagen Urea Cream 180g","180g","9","https://raw.githubusercontent.com/Vidaluxury20/guru-korea-hd-ezformz/main/images/GKR-385.jpg","Retained original","","36","","images/GKR-385.jpg","500","500","","","true"
"GKR-386","Dermagen RM Repair Cream 200g","200gr","8","https://raw.githubusercontent.com/Vidaluxury20/guru-korea-hd-ezformz/main/images/GKR-386.jpg","HD replacement","Supplier watermark retained.","36","https://premiumdermalmart.com/products/dermagen-rm-repair-cream","images/GKR-386.jpg","1079","1079","https://premiumdermalmart.com/products/dermagen-rm-repair-cream","https://cdn.shopify.com/s/files/1/0763/1601/6989/files/Dermagen-RM-Repair-Cream.jpg?v=1781228776","false"
"GKR-387","Dermagen RM Repair Cream 120g","120gr","7.1","https://raw.githubusercontent.com/Vidaluxury20/guru-korea-hd-ezformz/main/images/GKR-387.jpg","Retained original","","36","","images/GKR-387.jpg","500","500","","","true"
"GKR-388","Dermagen RM Repair Essence","200ml","11.3","https://raw.githubusercontent.com/Vidaluxury20/guru-korea-hd-ezformz/main/images/GKR-388.jpg","HD replacement","Photo missing","36","https://dermagen.kr/product/detail.html?product_no=130","images/GKR-388.jpg","1000","1000","https://dermagen.kr/product/detail.html?product_no=130","https://dermagen.kr/web/product/extra/big/202606/0336f9f83dc61ad885a0b4101c00ebdd.png","false"
"GKR-389","Rapporapy CINDELRIA Tone Up Sun Cream","40mL","6","https://raw.githubusercontent.com/Vidaluxury20/guru-korea-hd-ezformz/main/images/GKR-389.jpg","HD replacement","","37","https://dermagen.kr/product/rapporapy-cindelria-tone-up-sun-cream-40ml/67/category/23/display/1/","images/GKR-389.jpg","1000","1000","https://dermagen.kr/product/rapporapy-cindelria-tone-up-sun-cream-40ml/67/category/23/display/1/","https://dermagen.kr/web/product/medium/202501/dea562aaa7e33eb4071cbeaee3ae3ec4.jpg","false"
"GKR-390","Dermagen White Sun Cream","50g","8","https://raw.githubusercontent.com/Vidaluxury20/guru-korea-hd-ezformz/main/images/GKR-390.jpg","HD replacement","Supplier watermark retained.","37","https://premiumdermalmart.com/products/white-sun-cream","images/GKR-390.jpg","1315","1439","https://premiumdermalmart.com/products/white-sun-cream","https://cdn.shopify.com/s/files/1/0763/1601/6989/files/White-Sun-Cream.jpg?v=1781228768","false"
"GKR-391","Curenex Daily Sheer Sunscreen","50g","13.25","https://raw.githubusercontent.com/Vidaluxury20/guru-korea-hd-ezformz/main/images/GKR-391.jpg","HD replacement","Photo missing; Source image lists 50ml; catalog lists 50g. Confirm unit.","37","https://www.lumeemaison.com/product/214","images/GKR-391.jpg","1024","1024","https://www.lumeemaison.com/product/214","https://axamhqgapwguurisgvvi.supabase.co/storage/v1/object/public/product-images/product-214/1781435052807.webp","false"
"GKR-392","BCA Bichaeahn Poretoning","80g","10","https://raw.githubusercontent.com/Vidaluxury20/guru-korea-hd-ezformz/main/images/GKR-392.jpg","New source photo (below HD)","Photo missing; Native source is below 1000px on one or both sides.","37","https://www.lumeemaison.com/product/230","images/GKR-392.jpg","528","285","https://www.lumeemaison.com/product/230","https://www.lumeemaison.com/images/products/product-230.webp?v=1779186381303","true"
"GKR-393","Dermagen Soothing Mask","23g 1ea","1.5","https://raw.githubusercontent.com/Vidaluxury20/guru-korea-hd-ezformz/main/images/GKR-393.jpg","HD replacement","","37","https://www.lumeemaison.com/product/220","images/GKR-393.jpg","1024","1024","https://www.lumeemaison.com/product/220","https://www.lumeemaison.com/images/products/product-220.webp?v=1779186381303","false"
"GKR-394","Dermagen Soothing Mask (10 units pack)","23g*10 pack","4.4","https://raw.githubusercontent.com/Vidaluxury20/guru-korea-hd-ezformz/main/images/GKR-394.jpg","HD replacement","","37","https://www.lumeemaison.com/product/220","images/GKR-394.jpg","1024","1024","https://www.lumeemaison.com/product/220","https://www.lumeemaison.com/images/products/product-220.webp?v=1779186381303","false"
"GKR-395","CURENEX REJUVENATING MASK PACK","1box/ 5sheets 25g","7.3","https://raw.githubusercontent.com/Vidaluxury20/guru-korea-hd-ezformz/main/images/GKR-395.jpg","HD replacement","","37","https://fillerx.com/products/curenex-rejuvenating-mask-with-salmon-dna-peptide-complex-5-sheet","images/GKR-395.jpg","2500","2500","https://fillerx.com/products/curenex-rejuvenating-mask-with-salmon-dna-peptide-complex-5-sheet","https://cdn.shopify.com/s/files/1/0567/6436/7055/files/Curenex_Rejuvenating_Mask_02.webp?v=1787673790","false"
"GKR-396","Misadi Co2 Therapy Mask","5 syringes 5 sheets 1 cream.","19.65","https://raw.githubusercontent.com/Vidaluxury20/guru-korea-hd-ezformz/main/images/GKR-396.jpg","New source photo (below HD)","Photo missing; Native source is below 1000px on one or both sides.","37","https://www.lumeemaison.com/product/93","images/GKR-396.jpg","879","820","https://www.lumeemaison.com/product/93","https://www.lumeemaison.com/images/products/product-58.webp?v=1779186381303","true"
"GKR-397","Elaxen PLLA Mask kit","PLLA Ampoule Essence: 3v/ 15ml. PLLA Mist Spray: 1v/ 50ml Sheet Masks: 10pcs Applicator Brush: 1 unit","57","https://raw.githubusercontent.com/Vidaluxury20/guru-korea-hd-ezformz/main/images/GKR-397.jpg","Retained original","","37","","images/GKR-397.jpg","274","248","","","true"
"GKR-398","Klargen soIn (Spray type)","50mL","7.25","https://raw.githubusercontent.com/Vidaluxury20/guru-korea-hd-ezformz/main/images/GKR-398.jpg","HD replacement","","37","https://timeleaf.co.kr/products/klargen-soln-50ml","images/GKR-398.jpg","2048","2048","https://timeleaf.co.kr/products/klargen-soln-50ml","https://cdn.shopify.com/s/files/1/0788/6877/5185/files/KLARGENSoln_3_BG_8801bfc3-c935-4198-891b-d8fb50632a55.jpg?v=1766062487","false"
"GKR-399","Klargen LactoBath Inner Cleanser","300mL","7.95","https://raw.githubusercontent.com/Vidaluxury20/guru-korea-hd-ezformz/main/images/GKR-399.jpg","HD replacement","","38","https://timeleaf.co.kr/products/lactobath-inner-cleanser-300ml","images/GKR-399.jpg","2048","2048","https://timeleaf.co.kr/products/lactobath-inner-cleanser-300ml","https://cdn.shopify.com/s/files/1/0788/6877/5185/files/LactoBathInnerCleanser_1_BG.jpg?v=1765964009","false"
"GKR-400","ExoNature Inner Gel","2.5ml*2ea 4sets","59","https://raw.githubusercontent.com/Vidaluxury20/guru-korea-hd-ezformz/main/images/GKR-400.jpg","HD replacement","Photo missing","38","https://evocyte.co.uk/product/exobalm/","images/GKR-400.jpg","1700","2560","https://evocyte.co.uk/product/exobalm/","https://evocyte.co.uk/wp-content/uploads/2025/07/p198-엑소네이처-이너젤-연출컷-4-scaled.jpg","false"
"GKR-401","Dermagen Rapporapy Cicarown Cream","50g","7.65","https://raw.githubusercontent.com/Vidaluxury20/guru-korea-hd-ezformz/main/images/GKR-401.jpg","Retained original","","38","","images/GKR-401.jpg","354","495","","","true"
"GKR-402","Dermagen Scargel","15g","10","https://raw.githubusercontent.com/Vidaluxury20/guru-korea-hd-ezformz/main/images/GKR-402.jpg","HD replacement","","38","https://timeleaf.co.kr/products/scargel-15g","images/GKR-402.jpg","2048","2048","https://timeleaf.co.kr/products/scargel-15g","https://cdn.shopify.com/s/files/1/0788/6877/5185/files/SCARGEL_1_BG.jpg?v=1765872324","false"
"GKR-403","Bepanthen Ointment 30g","30g","13.5","https://raw.githubusercontent.com/Vidaluxury20/guru-korea-hd-ezformz/main/images/GKR-403.jpg","HD replacement","Photo missing","38","https://joykorea.kr/products/bepanthen-ointment-30g","images/GKR-403.jpg","4001","4001","https://joykorea.kr/products/bepanthen-ointment-30g","https://cdn.shopify.com/s/files/1/0725/8184/1027/files/9eef020f7e1433cf14e47e6ab90191b9.jpg?v=1780278694","false"
"GKR-404","Bentpla gel","15g","6.5","https://raw.githubusercontent.com/Vidaluxury20/guru-korea-hd-ezformz/main/images/GKR-404.jpg","HD replacement","Photo missing; Supplier watermark retained.","38","https://premiumdermalmart.com/products/bentpla-gel","images/GKR-404.jpg","1079","1079","https://premiumdermalmart.com/products/bentpla-gel","https://cdn.shopify.com/s/files/1/0763/1601/6989/files/BentPLA-Gel.jpg?v=1781229287","false"
"GKR-405","Acnon cream 13g","13g","10.2","https://raw.githubusercontent.com/Vidaluxury20/guru-korea-hd-ezformz/main/images/GKR-405.jpg","Retained original","","38","","images/GKR-405.jpg","538","178","","","true"
"GKR-406","Two&T Cream 20g","20g","23.9","https://raw.githubusercontent.com/Vidaluxury20/guru-korea-hd-ezformz/main/images/GKR-406.jpg","Retained original","","38","","images/GKR-406.jpg","659","190","","","true"
"GKR-407","Melanone Cream 10g","10g","13.85","https://raw.githubusercontent.com/Vidaluxury20/guru-korea-hd-ezformz/main/images/GKR-407.jpg","New source photo (below HD)","Photo missing; Exact 10g pack image extracted from manufacturer brochure.; Native source is below 1000px on one or both sides.","38","https://medi-box.co.kr/ebooth/ufile/f6_20210416152251.pdf","images/GKR-407.jpg","278","731","https://medi-box.co.kr/ebooth/ufile/f6_20210416152251.pdf","https://medi-box.co.kr/ebooth/ufile/f6_20210416152251.pdf#page=1","true"
"GKR-408","Dermagen EZCERA CREAM","200mg","10","https://raw.githubusercontent.com/Vidaluxury20/guru-korea-hd-ezformz/main/images/GKR-408.jpg","Retained original","","38","","images/GKR-408.jpg","284","275","","","true"
"GKR-409","Dermagen Dr Picos Egencia cream 60g","60g","9.85","https://raw.githubusercontent.com/Vidaluxury20/guru-korea-hd-ezformz/main/images/GKR-409.jpg","New source photo (below HD)","Photo missing; Native source is below 1000px on one or both sides.","39","https://www.lumeemaison.com/product/216","images/GKR-409.jpg","535","1024","https://www.lumeemaison.com/product/216","https://www.lumeemaison.com/images/products/product-216.webp?v=1779186381303","true"
"GKR-410","Dermagen Dr.Picos RMV Repair cream 200g","200g","9.95","https://raw.githubusercontent.com/Vidaluxury20/guru-korea-hd-ezformz/main/images/GKR-410.jpg","Retained original","","39","","images/GKR-410.jpg","200","476","","","true"
"GKR-411","Dermagen Dr.Picos Ureanol Cream 200g","200g","9.5","https://raw.githubusercontent.com/Vidaluxury20/guru-korea-hd-ezformz/main/images/GKR-411.jpg","Retained original","","39","","images/GKR-411.jpg","193","480","","","true"
"GKR-412","Curenex Rejuvenating Cream","120ml","13","https://raw.githubusercontent.com/Vidaluxury20/guru-korea-hd-ezformz/main/images/GKR-412.jpg","HD replacement","Photo missing","39","https://fillerx.com/products/curenex-rejuvenating-cream-2","images/GKR-412.jpg","2000","2000","https://fillerx.com/products/curenex-rejuvenating-cream-2","https://cdn.shopify.com/s/files/1/0567/6436/7055/files/curenex-rejuvenating-cream-k-derma-default-title-skincare-35151344468175.jpg?v=1784995829","false"
"GKR-413","CURENEX Dailycare Skinbooster PDRN 30 ml","30 ml","10.55","https://raw.githubusercontent.com/Vidaluxury20/guru-korea-hd-ezformz/main/images/GKR-413.jpg","HD replacement","","39","https://fillerx.com/products/curenex-dailycare-skinbooster-pdrn-30ml","images/GKR-413.jpg","2500","2500","https://fillerx.com/products/curenex-dailycare-skinbooster-pdrn-30ml","https://cdn.shopify.com/s/files/1/0567/6436/7055/files/Curenex-Dailycare-Skinbooster.jpg?v=1784995868","false"
"GKR-414","Puri Lips Balm","8.5g","19.35","https://raw.githubusercontent.com/Vidaluxury20/guru-korea-hd-ezformz/main/images/GKR-414.jpg","HD replacement","Photo missing; Repeated name and pack size in source","39","https://fillerx.com/products/puri-lips-balm","images/GKR-414.jpg","2500","2500","https://fillerx.com/products/puri-lips-balm","https://cdn.shopify.com/s/files/1/0567/6436/7055/files/Puri-Lips-Balm-01.jpg?v=1790526802","false"
"GKR-415","AETER Puri Eyes PDRN Patch","90g / 3.17 Oz 60 PAIRS","19.95","https://raw.githubusercontent.com/Vidaluxury20/guru-korea-hd-ezformz/main/images/GKR-415.jpg","HD replacement","","39","https://js-aesthetics.global/shop/puri-eyes-patches-pdrn/","images/GKR-415.jpg","1600","1450","https://js-aesthetics.global/shop/puri-eyes-patches-pdrn/","https://js-aesthetics.global/wp-content/uploads/2026/01/PHOTO-2024-02-27-10-53-17-3.jpg","false"
"GKR-416","Dermaline Deep clean Moisture Foam Cleanser","150g","13","https://raw.githubusercontent.com/Vidaluxury20/guru-korea-hd-ezformz/main/images/GKR-416.jpg","HD replacement","","40","https://en.dermaline.co.kr/product/deep-clean-moisture-foam-150g/22/category/103/display/1/","images/GKR-416.jpg","1000","1000","https://en.dermaline.co.kr/product/deep-clean-moisture-foam-150g/22/category/103/display/1/","https://en.dermaline.co.kr/web/product/big/202607/e09dd67c5016f58d8f3c2e2a88f8acb4.jpg","false"
"GKR-417","Dermaline Enzyme Grain Bubble Cleanser","160g","13.5","https://raw.githubusercontent.com/Vidaluxury20/guru-korea-hd-ezformz/main/images/GKR-417.jpg","HD replacement","","40","https://en.dermaline.co.kr/product/enzyme-grain-bubble-cleanser-160ml/94/category/103/display/1/","images/GKR-417.jpg","1000","1000","https://en.dermaline.co.kr/product/enzyme-grain-bubble-cleanser-160ml/94/category/103/display/1/","https://en.dermaline.co.kr/web/product/big/202507/85bfc6228ea518d179232a509b3618e6.jpg","false"
"GKR-418","Dermaline PDRN Solution Activing Toner","200ml","18.8","https://raw.githubusercontent.com/Vidaluxury20/guru-korea-hd-ezformz/main/images/GKR-418.jpg","HD replacement","","40","https://www.dermaline.kr/default/product/product1.php?com_board_basic=read_form&com_board_idx=54&&com_board_search_code=&com_board_search_value1=&com_board_search_value2=&com_board_page=&&com_board_id=17&&com_board_id=17","images/GKR-418.jpg","1000","1000","https://www.dermaline.kr/default/product/product1.php?com_board_basic=read_form&com_board_idx=54&&com_board_search_code=&com_board_search_value1=&com_board_search_value2=&com_board_page=&&com_board_id=17&&com_board_id=17","https://www.dermaline.kr/bizdemo136966/component/board/board_17/u_image/54/206531146_PDRN20EC8694EBA3A8EC859820EC95A1ED8BB0EBB99920ED86A0EB8488.png","false"
"GKR-419","Dermaline PDRN Activating Emusion","200ml","18.8","https://raw.githubusercontent.com/Vidaluxury20/guru-korea-hd-ezformz/main/images/GKR-419.jpg","HD replacement","","40","https://en.dermaline.co.kr/product/pdrn-solution-activating-emulsion-200ml/32/category/103/display/1/","images/GKR-419.jpg","1000","1000","https://en.dermaline.co.kr/product/pdrn-solution-activating-emulsion-200ml/32/category/103/display/1/","https://en.dermaline.co.kr/web/product/big/202507/a72f2f17205b68a568c80e9fd567acbf.png","false"
"GKR-420","Dermaline PDRN Solution Salmon Ampoule","35ml","22","https://raw.githubusercontent.com/Vidaluxury20/guru-korea-hd-ezformz/main/images/GKR-420.jpg","HD replacement","","40","https://www.dermaline.kr/default/product/product1.php?com_board_basic=read_form&com_board_idx=52&&com_board_search_code=&com_board_search_value1=&com_board_search_value2=&com_board_page=&&com_board_id=17&&com_board_id=17","images/GKR-420.jpg","1000","1000","https://www.dermaline.kr/default/product/product1.php?com_board_basic=read_form&com_board_idx=52&&com_board_search_code=&com_board_search_value1=&com_board_search_value2=&com_board_page=&&com_board_id=17&&com_board_id=17","https://www.dermaline.kr/bizdemo136966/component/board/board_17/u_image/52/2028472606_PDRN20EC8694EBA3A8EC859820EC97B0EC96B420EC95B0ED948C.png","false"
"GKR-421","Dermaline Bio actiavating PDRN Ampoule","75ml","17","https://raw.githubusercontent.com/Vidaluxury20/guru-korea-hd-ezformz/main/images/GKR-421.jpg","HD replacement","","40","https://en.dermaline.co.kr/product/bio-activing-pdrn-ampoule-75ml/36/category/103/display/1/","images/GKR-421.jpg","1000","1000","https://en.dermaline.co.kr/product/bio-activing-pdrn-ampoule-75ml/36/category/103/display/1/","https://en.dermaline.co.kr/web/product/big/202411/91ba6fc0ee7956a52c171b32fe3486f6.jpg","false"
"GKR-422","Dermaline Bio Activing PDRN Cream","100g","26","https://raw.githubusercontent.com/Vidaluxury20/guru-korea-hd-ezformz/main/images/GKR-422.jpg","HD replacement","Photo missing; Supplier watermark retained.","40","https://premiumdermalmart.com/products/bio-activing-pdrn-cream","images/GKR-422.jpg","1023","1023","https://premiumdermalmart.com/products/bio-activing-pdrn-cream","https://cdn.shopify.com/s/files/1/0763/1601/6989/files/Bio-Activing-PDRN-Cream.webp?v=1781228746","false"
"GKR-423","Dermaline Bio Activing PDRN Eye Cream","30g","24.45","https://raw.githubusercontent.com/Vidaluxury20/guru-korea-hd-ezformz/main/images/GKR-423.jpg","HD replacement","Photo missing; Supplier watermark retained.","40","https://premiumdermalmart.com/products/bio-activing-pdrn-eye-cream","images/GKR-423.jpg","1257","1079","https://premiumdermalmart.com/products/bio-activing-pdrn-eye-cream","https://cdn.shopify.com/s/files/1/0763/1601/6989/files/Bio-Activing-PDRN-Eye-Cream.png?v=1781228752","false"
"GKR-424","Dermaline Bio Activing PDRN Eye Patch","1.4g*60e","25","https://raw.githubusercontent.com/Vidaluxury20/guru-korea-hd-ezformz/main/images/GKR-424.jpg","New source photo (below HD)","Photo missing; Supplier watermark retained.; Native source is below 1000px on one or both sides.","40","https://premiumdermalmart.com/products/bio-activing-pdrn-eye-patch-60ea","images/GKR-424.jpg","999","999","https://premiumdermalmart.com/products/bio-activing-pdrn-eye-patch-60ea","https://cdn.shopify.com/s/files/1/0763/1601/6989/files/Bio-Activing-PDRN-Eye-Patch-60ea.png?v=1781229182","true"
"GKR-425","Dermaline Hydro Refresh Toner 200ml","200ml","18","https://raw.githubusercontent.com/Vidaluxury20/guru-korea-hd-ezformz/main/images/GKR-425.jpg","HD replacement","","40","https://en.dermaline.co.kr/product/hydro-refresh-toner-200ml/24/category/103/display/1/","images/GKR-425.jpg","1000","1000","https://en.dermaline.co.kr/product/hydro-refresh-toner-200ml/24/category/103/display/1/","https://en.dermaline.co.kr/web/product/big/202410/e1ec0b38bcbba6f75b8f5d33138d4c2a.jpg","false"
"GKR-426","Dermaline Hydro Refresh Emulsion","200ml","19.5","https://raw.githubusercontent.com/Vidaluxury20/guru-korea-hd-ezformz/main/images/GKR-426.jpg","HD replacement","","41","https://www.dermaline.kr/default/product/product1.php?com_board_basic=read_form&com_board_idx=41&&com_board_search_code=&com_board_search_value1=&com_board_search_value2=&com_board_page=&&com_board_id=17&&com_board_id=17","images/GKR-426.jpg","1000","1000","https://www.dermaline.kr/default/product/product1.php?com_board_basic=read_form&com_board_idx=41&&com_board_search_code=&com_board_search_value1=&com_board_search_value2=&com_board_page=&&com_board_id=17&&com_board_id=17","https://www.dermaline.kr/bizdemo136966/component/board/board_17/u_image/41/1923388050_ED9598EC9DB4EB939CEBA19C20EBA6ACED9B84EBA088EC89AC20EC9790EBA980ECA0BC.png","false"
"GKR-427","Dermaline Hydro Refresh Ampoule","75ml","18.8","https://raw.githubusercontent.com/Vidaluxury20/guru-korea-hd-ezformz/main/images/GKR-427.jpg","HD replacement","","41","https://en.dermaline.co.kr/product/bio-hydro-refresh-ampoule-75ml/567/category/103/display/1/","images/GKR-427.jpg","1000","1000","https://en.dermaline.co.kr/product/bio-hydro-refresh-ampoule-75ml/567/category/103/display/1/","https://en.dermaline.co.kr/web/product/big/202507/0cc4a2e549071a721e2888116dbecc38.jpg","false"
"GKR-428","Dermaline Hydro Refresh Cream","100g","22","https://raw.githubusercontent.com/Vidaluxury20/guru-korea-hd-ezformz/main/images/GKR-428.jpg","HD replacement","","41","https://en.dermaline.co.kr/product/hydro-refresh-moisturizing-cream-100g/44/category/103/display/1/","images/GKR-428.jpg","1000","1000","https://en.dermaline.co.kr/product/hydro-refresh-moisturizing-cream-100g/44/category/103/display/1/","https://en.dermaline.co.kr/web/product/big/202410/078181f3a8edb7cd3bccc97590d30d08.jpg","false"
"GKR-429","D'LEXO Cica Exo Comforting Toner","200ml","20.45","https://raw.githubusercontent.com/Vidaluxury20/guru-korea-hd-ezformz/main/images/GKR-429.jpg","HD replacement","","41","https://www.dermaline.kr/default/product/product1.php?com_board_basic=read_form&com_board_idx=62&&com_board_search_code=&com_board_search_value1=&com_board_search_value2=&com_board_page=&&com_board_id=17&&com_board_id=17","images/GKR-429.jpg","1000","1000","https://www.dermaline.kr/default/product/product1.php?com_board_basic=read_form&com_board_idx=62&&com_board_search_code=&com_board_search_value1=&com_board_search_value2=&com_board_page=&&com_board_id=17&&com_board_id=17","https://gi.esmplus.com/dermaline/%EB%8D%94%EB%A7%88%EB%9D%BC%EC%9D%B8/%EB%94%94%EB%A0%89%EC%86%8C%EC%8B%9C%EC%B9%B4%EC%BB%B4%ED%8F%AC%ED%8C%85%ED%86%A0%EB%84%88/%EC%8B%9C%EC%B9%B4%ED%86%A0%EB%84%88.png","false"
"GKR-430","D'LEXO Cica Exo Comforting Emulsion","200ml","20.45","https://raw.githubusercontent.com/Vidaluxury20/guru-korea-hd-ezformz/main/images/GKR-430.jpg","HD replacement","","41","https://www.dermaline.kr/default/product/product1.php?com_board_basic=read_form&com_board_idx=63&&com_board_search_code=&com_board_search_value1=&com_board_search_value2=&com_board_page=&&com_board_id=17&&com_board_id=17","images/GKR-430.jpg","1000","1000","https://www.dermaline.kr/default/product/product1.php?com_board_basic=read_form&com_board_idx=63&&com_board_search_code=&com_board_search_value1=&com_board_search_value2=&com_board_page=&&com_board_id=17&&com_board_id=17","https://gi.esmplus.com/dermaline/%EB%8D%94%EB%A7%88%EB%9D%BC%EC%9D%B8/%EB%94%94%EB%A0%89%EC%86%8C%EC%8B%9C%EC%B9%B4%EC%BB%B4%ED%8F%AC%ED%8C%85%ED%86%A0%EB%84%88/%EC%8B%9C%EC%B9%B4%EC%97%90%EB%A9%80%EC%A0%84.png","false"
"GKR-431","D'LEXO CicaExo Solution Ampoule","35ml","22","https://raw.githubusercontent.com/Vidaluxury20/guru-korea-hd-ezformz/main/images/GKR-431.jpg","HD replacement","","41","https://en.dermaline.co.kr/product/dlexo-cica-exo-solution-ampoule-35ml/533/category/103/display/1/","images/GKR-431.jpg","1000","1000","https://en.dermaline.co.kr/product/dlexo-cica-exo-solution-ampoule-35ml/533/category/103/display/1/","https://en.dermaline.co.kr/web/product/big/202507/2aecee41ef2e7baba274f294fe4f9384.jpg","false"
"GKR-432","D'LEXO Cica Exo Comforting Cream","100g","27","https://raw.githubusercontent.com/Vidaluxury20/guru-korea-hd-ezformz/main/images/GKR-432.jpg","HD replacement","","41","https://www.dermaline.kr/default/product/product1.php?com_board_basic=read_form&com_board_idx=65&&com_board_search_code=&com_board_search_value1=&com_board_search_value2=&com_board_page=&&com_board_id=17&&com_board_id=17","images/GKR-432.jpg","1000","1000","https://www.dermaline.kr/default/product/product1.php?com_board_basic=read_form&com_board_idx=65&&com_board_search_code=&com_board_search_value1=&com_board_search_value2=&com_board_page=&&com_board_id=17&&com_board_id=17","https://gi.esmplus.com/dermaline/%EB%8D%94%EB%A7%88%EB%9D%BC%EC%9D%B8/%EA%B8%B0%EC%97%85%EC%82%AC%EC%9D%B4%ED%8A%B8/%EB%94%94%EB%A0%89%EC%86%8C%EC%8B%9C%EC%B9%B4%EC%97%91%EC%86%8C%EC%BB%B4%ED%8F%AC%ED%8C%85%ED%81%AC%EB%A6%BC_%EC%8D%B8%EB%84%A4%EC%9D%BC.jpg","false"
"GKR-433","D'LEXO Glutathione Toning Solution Ampoule","35ml","21.65","https://raw.githubusercontent.com/Vidaluxury20/guru-korea-hd-ezformz/main/images/GKR-433.jpg","HD replacement","","42","https://www.dermaline.kr/default/product/product1.php?com_board_basic=read_form&com_board_idx=68&&com_board_search_code=&com_board_search_value1=&com_board_search_value2=&com_board_page=&&com_board_id=17&&com_board_id=17","images/GKR-433.jpg","1000","1000","https://www.dermaline.kr/default/product/product1.php?com_board_basic=read_form&com_board_idx=68&&com_board_search_code=&com_board_search_value1=&com_board_search_value2=&com_board_page=&&com_board_id=17&&com_board_id=17","https://www.dermaline.kr/bizdemo136966/component/board/board_17/u_image/68/2001203700_5Bjpg5DEAB880EBA3A8ED8380ECB998EC98A8EC95B0ED948C.jpg","false"
"GKR-434","D'LEXO Milk Exosome Solution Ampoule","35ml","21.65","https://raw.githubusercontent.com/Vidaluxury20/guru-korea-hd-ezformz/main/images/GKR-434.jpg","HD replacement","","42","https://www.dermaline.kr/default/product/product1.php?com_board_basic=read_form&com_board_idx=69&&com_board_search_code=&com_board_search_value1=&com_board_search_value2=&com_board_page=&&com_board_id=17&&com_board_id=17","images/GKR-434.jpg","1000","1000","https://www.dermaline.kr/default/product/product1.php?com_board_basic=read_form&com_board_idx=69&&com_board_search_code=&com_board_search_value1=&com_board_search_value2=&com_board_page=&&com_board_id=17&&com_board_id=17","https://www.dermaline.kr/bizdemo136966/component/board/board_17/u_image/69/199768136_5Bjpg5DEBB080ED81ACEC9791EC868CECA280EC95B0ED948C.jpg","false"
"GKR-435","D’LEXO Peptide Complex Solution Ampoule","35ml","21.65","https://raw.githubusercontent.com/Vidaluxury20/guru-korea-hd-ezformz/main/images/GKR-435.jpg","HD replacement","","42","https://www.dermaline.kr/default/product/product1.php?com_board_basic=read_form&com_board_idx=70&&com_board_search_code=&com_board_search_value1=&com_board_search_value2=&com_board_page=&&com_board_id=17&&com_board_id=17","images/GKR-435.jpg","1000","1000","https://www.dermaline.kr/default/product/product1.php?com_board_basic=read_form&com_board_idx=70&&com_board_search_code=&com_board_search_value1=&com_board_search_value2=&com_board_page=&&com_board_id=17&&com_board_id=17","https://www.dermaline.kr/bizdemo136966/component/board/board_17/u_image/70/993498134_5Bjpg5DED8EA9ED8380EC9DB4EB939CEC95B0ED948C.jpg","false"
"GKR-436","D'LEXO Bakuchiol Firming Solution Ampoule","35ml","21.65","https://raw.githubusercontent.com/Vidaluxury20/guru-korea-hd-ezformz/main/images/GKR-436.jpg","HD replacement","","42","https://www.dermaline.kr/default/product/product1.php?com_board_basic=read_form&com_board_idx=71&&com_board_search_code=&com_board_search_value1=&com_board_search_value2=&com_board_page=&&com_board_id=17&&com_board_id=17","images/GKR-436.jpg","1000","1000","https://www.dermaline.kr/default/product/product1.php?com_board_basic=read_form&com_board_idx=71&&com_board_search_code=&com_board_search_value1=&com_board_search_value2=&com_board_page=&&com_board_id=17&&com_board_id=17","https://www.dermaline.kr/bizdemo136966/component/board/board_17/u_image/71/838671049_5Bjpg5DEBB094ECBFA0ECB998EC98ACEC95B0ED948C.jpg","false"
"GKR-437","D'LEXO Aqua Vita Solution Toner","200ml","20.45","https://raw.githubusercontent.com/Vidaluxury20/guru-korea-hd-ezformz/main/images/GKR-437.jpg","HD replacement","","42","https://www.dermaline.kr/default/product/product1.php?com_board_basic=read_form&com_board_idx=66&&com_board_search_code=&com_board_search_value1=&com_board_search_value2=&com_board_page=&&com_board_id=17&&com_board_id=17","images/GKR-437.jpg","1000","1000","https://www.dermaline.kr/default/product/product1.php?com_board_basic=read_form&com_board_idx=66&&com_board_search_code=&com_board_search_value1=&com_board_search_value2=&com_board_page=&&com_board_id=17&&com_board_id=17","https://gi.esmplus.com/dermaline/%EB%8D%94%EB%A7%88%EB%9D%BC%EC%9D%B8/%EA%B8%B0%EC%97%85%EC%82%AC%EC%9D%B4%ED%8A%B8/%EB%B9%84%ED%83%80%ED%86%A0%EB%84%88%EC%8D%B8%EB%84%A4%EC%9D%BC.jpg","false"
"GKR-438","D'LEXO Aqua Vita Solution Ampoule","35ml","22.85","https://raw.githubusercontent.com/Vidaluxury20/guru-korea-hd-ezformz/main/images/GKR-438.jpg","HD replacement","","42","https://www.dermaline.kr/default/product/product1.php?com_board_basic=read_form&com_board_idx=61&&com_board_search_code=&com_board_search_value1=&com_board_search_value2=&com_board_page=&&com_board_id=17&&com_board_id=17","images/GKR-438.jpg","1000","1000","https://www.dermaline.kr/default/product/product1.php?com_board_basic=read_form&com_board_idx=61&&com_board_search_code=&com_board_search_value1=&com_board_search_value2=&com_board_page=&&com_board_id=17&&com_board_id=17","https://gi.esmplus.com/dermaline/%EB%8D%94%EB%A7%88%EB%9D%BC%EC%9D%B8/%EC%8D%B8%EB%84%A4%EC%9D%BC01.png","false"
"GKR-439","D'LEXO Aqua Vita Solution Cream","100g","29","https://raw.githubusercontent.com/Vidaluxury20/guru-korea-hd-ezformz/main/images/GKR-439.jpg","HD replacement","","42","https://www.dermaline.kr/default/product/product1.php?com_board_basic=read_form&com_board_idx=67&&com_board_search_code=&com_board_search_value1=&com_board_search_value2=&com_board_page=&&com_board_id=17&&com_board_id=17","images/GKR-439.jpg","1000","1000","https://www.dermaline.kr/default/product/product1.php?com_board_basic=read_form&com_board_idx=67&&com_board_search_code=&com_board_search_value1=&com_board_search_value2=&com_board_page=&&com_board_id=17&&com_board_id=17","https://gi.esmplus.com/dermaline/%EB%8D%94%EB%A7%88%EB%9D%BC%EC%9D%B8/%EA%B8%B0%EC%97%85%EC%82%AC%EC%9D%B4%ED%8A%B8/%EB%94%94%EB%A0%89%EC%86%8C%EC%95%84%EC%BF%A0%EC%95%84%EB%B9%84%ED%83%80%EC%86%94%EB%A3%A8%EC%85%98%ED%81%AC%EB%A6%BC_%EC%8D%B8%EB%84%A4%EC%9D%BC.jpg","false"
"GKR-440","Dermaline Normalizing Relief Gel","60ml","14.2","https://raw.githubusercontent.com/Vidaluxury20/guru-korea-hd-ezformz/main/images/GKR-440.jpg","New source photo (below HD)","Photo missing; Supplier watermark retained.; Native source is below 1000px on one or both sides.","42","https://premiumdermalmart.com/products/normalizing-relieve-gel","images/GKR-440.jpg","487","887","https://premiumdermalmart.com/products/normalizing-relieve-gel","https://cdn.shopify.com/s/files/1/0763/1601/6989/files/Screenshot2025-07-03at20.13.17.jpg?v=1781230251","true"
"GKR-441","Dermaline Normalizing Relief Lotion","60ml","14.2","https://raw.githubusercontent.com/Vidaluxury20/guru-korea-hd-ezformz/main/images/GKR-441.jpg","New source photo (below HD)","Photo missing; Supplier watermark retained.; Native source is below 1000px on one or both sides.","42","https://premiumdermalmart.com/products/normalizing-relieve-lotion","images/GKR-441.jpg","631","842","https://premiumdermalmart.com/products/normalizing-relieve-lotion","https://cdn.shopify.com/s/files/1/0763/1601/6989/files/Normalizing_Relieve_Lotion.png?v=1781230251","true"
"GKR-442","Dermaline Hydrating Moisture Dew","150g","18.85","https://raw.githubusercontent.com/Vidaluxury20/guru-korea-hd-ezformz/main/images/GKR-442.jpg","HD replacement","","42","https://en.dermaline.co.kr/product/hydrating-moisture-dew-150-ml/29/category/103/display/1/","images/GKR-442.jpg","1000","1000","https://en.dermaline.co.kr/product/hydrating-moisture-dew-150-ml/29/category/103/display/1/","https://en.dermaline.co.kr/web/product/big/202410/24e607e0e2bb0c8a3c2429745162d3b8.jpg","false"
"GKR-443","Dermaline Bio Cell Boosting Ampoule","75ml","19.85","https://raw.githubusercontent.com/Vidaluxury20/guru-korea-hd-ezformz/main/images/GKR-443.jpg","HD replacement","","43","https://en.dermaline.co.kr/product/bio-cell-boosting-ampoule-75ml/33/category/103/display/1/","images/GKR-443.jpg","1000","1000","https://en.dermaline.co.kr/product/bio-cell-boosting-ampoule-75ml/33/category/103/display/1/","https://en.dermaline.co.kr/web/product/big/202507/51e24d0c6290fbd015df2ed028bcd6be.jpg","false"
"GKR-444","Dermline Bio Moisture Rose Ampoule","75ml","18.85","https://raw.githubusercontent.com/Vidaluxury20/guru-korea-hd-ezformz/main/images/GKR-444.jpg","New source photo (below HD)","Photo missing; Supplier watermark retained.; Native source is below 1000px on one or both sides.","43","https://premiumdermalmart.com/products/bio-moisture-rose-ampoule-75ml","images/GKR-444.jpg","999","999","https://premiumdermalmart.com/products/bio-moisture-rose-ampoule-75ml","https://cdn.shopify.com/s/files/1/0763/1601/6989/files/Bio-Moisture-Rose-Ampoule-75ml.png?v=1781229178","true"
"GKR-445","Dermaline Bio Hydro Caviar Ampoule","75ml","24","https://raw.githubusercontent.com/Vidaluxury20/guru-korea-hd-ezformz/main/images/GKR-445.jpg","HD replacement","","43","https://en.dermaline.co.kr/product/bio-hydro-caviar-ampoule-75ml/35/category/103/display/1/","images/GKR-445.jpg","1000","1000","https://en.dermaline.co.kr/product/bio-hydro-caviar-ampoule-75ml/35/category/103/display/1/","https://en.dermaline.co.kr/web/product/big/202609/b3bb74306a58650753d5e4f6f60b0bb7.jpg","false"
"GKR-446","Dermaline Always Bright Whitening Cream","50ml","23","https://raw.githubusercontent.com/Vidaluxury20/guru-korea-hd-ezformz/main/images/GKR-446.jpg","HD replacement","","43","https://en.dermaline.co.kr/product/always-bright-whitening-cream-50g/43/category/103/display/1/","images/GKR-446.jpg","1000","1000","https://en.dermaline.co.kr/product/always-bright-whitening-cream-50g/43/category/103/display/1/","https://en.dermaline.co.kr/web/product/big/202507/ca467ed1f6bad1f012a3ba28c8ca9e23.jpg","false"
"GKR-447","D'LEXO EXO PDRN Mask","28g*10ea","24","https://raw.githubusercontent.com/Vidaluxury20/guru-korea-hd-ezformz/main/images/GKR-447.jpg","HD replacement","","43","https://en.dermaline.co.kr/product/exo-pdrn-mask-28g-10-sheets/559/category/103/display/1/","images/GKR-447.jpg","1000","1000","https://en.dermaline.co.kr/product/exo-pdrn-mask-28g-10-sheets/559/category/103/display/1/","https://en.dermaline.co.kr/web/product/big/202412/962fb8bdac7e5c99691c125426965d6f.png","false"
"GKR-448","Dermaline Hydro Soothing & Calming Mask Pack","32g*10ea","24","https://raw.githubusercontent.com/Vidaluxury20/guru-korea-hd-ezformz/main/images/GKR-448.jpg","HD replacement","","43","https://en.dermaline.co.kr/product/hydro-soothing-and-calming-mask-pack-set-10-sheets/541/category/103/display/1/","images/GKR-448.jpg","1000","1000","https://en.dermaline.co.kr/product/hydro-soothing-and-calming-mask-pack-set-10-sheets/541/category/103/display/1/","https://en.dermaline.co.kr/web/product/big/202605/42c789ecbf3602417cb74dafda8d8735.jpg","false"
"GKR-449","Dermaline Whitening Rejuvenating Mask","32g*5ea","14.7","https://raw.githubusercontent.com/Vidaluxury20/guru-korea-hd-ezformz/main/images/GKR-449.jpg","HD replacement","","43","https://en.dermaline.co.kr/product/whitening-rejuvenating-mask-32g/49/category/103/display/1/","images/GKR-449.jpg","1000","1000","https://en.dermaline.co.kr/product/whitening-rejuvenating-mask-32g/49/category/103/display/1/","https://en.dermaline.co.kr/web/product/big/202411/f36f25b6191870967da2a648e04ce5b3.jpg","false"
"GKR-450","Dermaline Hydro Soothing and Fresh Acne Mask","32g*10ea","24.3","https://raw.githubusercontent.com/Vidaluxury20/guru-korea-hd-ezformz/main/images/GKR-450.jpg","Retained original","","43","","images/GKR-450.jpg","362","416","","","true"
"GKR-451","Dermaline BB Perfect 3 Shield Blamish balm.","50ml","15","https://raw.githubusercontent.com/Vidaluxury20/guru-korea-hd-ezformz/main/images/GKR-451.jpg","HD replacement","","43","https://en.dermaline.co.kr/product/perfect-3-shield-blemish-balm-50ml/267/category/103/display/1/","images/GKR-451.jpg","1000","1000","https://en.dermaline.co.kr/product/perfect-3-shield-blemish-balm-50ml/267/category/103/display/1/","https://en.dermaline.co.kr/web/product/big/202507/abb5e0f5d4cdef566eab4b900dd257e9.png","false"
"GKR-452","Dermaline Professional Multi Action Sunblock","50ml","18.1","https://raw.githubusercontent.com/Vidaluxury20/guru-korea-hd-ezformz/main/images/GKR-452.jpg","HD replacement","","43","https://www.dermaline.kr/default/product/product1.php?com_board_basic=read_form&com_board_idx=58&&com_board_search_code=&com_board_search_value1=&com_board_search_value2=&com_board_page=&&com_board_id=17&&com_board_id=17","images/GKR-452.jpg","1000","1000","https://www.dermaline.kr/default/product/product1.php?com_board_basic=read_form&com_board_idx=58&&com_board_search_code=&com_board_search_value1=&com_board_search_value2=&com_board_page=&&com_board_id=17&&com_board_id=17","https://dermaline.cafe24.com/corporate_site/new_product/thumbnail/sunblock.png","false"
